rank0,csv_row_index0
0,80866
1,2261
2,47653
3,71466
4,77566
5,81406
6,93030
7,76468
8,80423
9,95225
10,60850
11,8929
12,57479
13,111435
14,124935
15,58243
16,49645
17,110778
18,95099
19,96271
20,97863
21,91634
22,15417
23,96741
24,10999
25,118051
26,65923
27,29218
28,17506
29,36788
30,111075
31,58004
32,16755
33,55826
34,14282
35,126754
36,60857
37,69162
38,101378
39,92041
40,21944
41,58669
42,57019
43,70442
44,128029
45,52653
46,26258
47,7537
48,80403
49,27728
50,118597
51,7721
52,68412
53,1287
54,58783
55,77677
56,76533
57,58393
58,42082
59,32247
60,82468
61,12482
62,60468
63,8550
64,84232
65,107739
66,32157
67,115887
68,119711
69,113602
70,14677
71,41448
72,17281
73,81532
74,118924
75,76019
76,94322
77,49570
78,6936
79,94769
80,58781
81,115302
82,15324
83,89721
84,56382
85,84972
86,38704
87,23345
88,97911
89,100536
90,14980
91,90226
92,60966
93,41078
94,70209
95,112839
96,96232
97,35888
98,51484
99,11653
100,1572
101,52694
102,75181
103,73530
104,85839
105,73650
106,31939
107,64745
108,48023
109,48265
110,95541
111,23200
112,69810
113,10842
114,126608
115,30228
116,115328
117,26324
118,89184
119,2260
120,126782
121,96546
122,93516
123,100710
124,74823
125,129674
126,66264
127,123716
128,117658
129,48216
130,79566
131,128754
132,14824
133,59305
134,71599
135,106667
136,71234
137,60908
138,120794
139,117979
140,91980
141,70495
142,20282
143,99400
144,107293
145,83826
146,62979
147,51466
148,91343
149,112527
150,87293
151,29705
152,58661
153,62659
154,10684
155,104825
156,86315
157,6720
158,68815
159,48283
160,80762
161,88782
162,94156
163,23622
164,94335
165,123785
166,288
167,33664
168,3503
169,26062
170,94934
171,11536
172,77151
173,18034
174,82582
175,88026
176,63669
177,32662
178,45999
179,5683
180,22165
181,64551
182,42853
183,25565
184,111920
185,124129
186,85537
187,49722
188,39973
189,87820
190,8969
191,3840
192,81065
193,39570
194,105891
195,38548
196,58557
197,5290
198,116318
199,3525
200,59861
201,115836
202,55086
203,54416
204,61591
205,27804
206,121826
207,125456
208,43790
209,117792
210,82340
211,50745
212,75804
213,103124
214,130294
215,46070
216,109072
217,114726
218,102208
219,98377
220,64349
221,107330
222,66207
223,205
224,57941
225,95826
226,104491
227,21730
228,125890
229,124573
230,126801
231,127982
232,120639
233,15134
234,66586
235,43330
236,122750
237,130201
238,14284
239,105666
240,11140
241,98941
242,52841
243,69349
244,1457
245,1866
246,28129
247,6234
248,40583
249,9426
250,2436
251,93711
252,15244
253,78848
254,1197
255,113557
256,77770
257,115106
258,95644
259,13194
260,3269
261,69799
262,86485
263,102338
264,46867
265,10629
266,63735
267,61383
268,72303
269,115825
270,111787
271,35129
272,114828
273,16291
274,31326
275,89966
276,47180
277,57872
278,94510
279,16678
280,83854
281,25058
282,14548
283,29166
284,25686
285,33227
286,12736
287,24878
288,50899
289,84763
290,75738
291,1770
292,27736
293,68264
294,18451
295,20216
296,11504
297,15487
298,110424
299,123308
300,59360
301,81551
302,99286
303,35350
304,128005
305,24676
306,50957
307,48493
308,74978
309,52158
310,68340
311,122221
312,63797
313,55612
314,2688
315,23210
316,5989
317,125161
318,100117
319,24728
320,81803
321,126063
322,28147
323,20181
324,23764
325,97871
326,67720
327,80670
328,69874
329,85550
330,93821
331,54528
332,110454
333,117405
334,68577
335,122161
336,97668
337,33470
338,124428
339,3831
340,84639
341,16643
342,110645
343,97554
344,34613
345,80298
346,86644
347,37097
348,72153
349,18829
350,25487
351,79575
352,71066
353,112470
354,62456
355,75224
356,124501
357,72290
358,11776
359,35467
360,30520
361,71062
362,14924
363,10558
364,104487
365,19846
366,61451
367,110675
368,101779
369,60052
370,96441
371,118909
372,17842
373,116300
374,96408
375,59563
376,127463
377,112778
378,21978
379,128751
380,93915
381,38288
382,90337
383,97425
384,91246
385,54012
386,49661
387,108737
388,50068
389,121926
390,83253
391,27680
392,75351
393,5732
394,65098
395,12819
396,77199
397,100597
398,49532
399,43967
400,99021
401,89660
402,43037
403,97156
404,96191
405,128249
406,34233
407,68111
408,47416
409,14340
410,47240
411,89944
412,89492
413,33948
414,96527
415,127138
416,63090
417,117292
418,81979
419,49466
420,8934
421,95721
422,114446
423,20906
424,32328
425,21920
426,38443
427,40273
428,121334
429,67755
430,21102
431,73826
432,80893
433,128868
434,46436
435,16117
436,119655
437,26352
438,82255
439,15813
440,59583
441,6618
442,33819
443,46017
444,65462
445,129305
446,45762
447,8775
448,105205
449,114305
450,12481
451,89974
452,71805
453,984
454,66989
455,126365
456,40615
457,83789
458,116237
459,44295
460,36820
461,23432
462,127745
463,94466
464,92195
465,90741
466,129966
467,157
468,54972
469,64478
470,101801
471,26564
472,2692
473,112774
474,9394
475,23416
476,81034
477,73535
478,38145
479,111965
480,83722
481,67241
482,57816
483,35788
484,48317
485,115672
486,113081
487,71253
488,62457
489,92480
490,86839
491,123012
492,72624
493,25689
494,18684
495,5961
496,15182
497,73897
498,117244
499,54398
500,27880
501,105041
502,111949
503,108906
504,76149
505,82349
506,7061
507,73479
508,1216
509,76765
510,73807
511,125861
512,115200
513,52510
514,60619
515,44734
516,43957
517,68622
518,106861
519,18685
520,97786
521,72026
522,16875
523,2057
524,44097
525,3657
526,36808
527,58766
528,31425
529,19871
530,35183
531,25553
532,103831
533,103167
534,128152
535,77830
536,70283
537,123687
538,93740
539,128233
540,20855
541,86118
542,32747
543,111183
544,112084
545,33462
546,944
547,60279
548,3010
549,114955
550,8451
551,5553
552,55534
553,62320
554,98021
555,8927
556,99241
557,106227
558,46780
559,65625
560,105694
561,107241
562,73847
563,118454
564,38039
565,35954
566,19054
567,112312
568,65771
569,58704
570,61934
571,270
572,99121
573,115694
574,112643
575,100039
576,27655
577,61657
578,94378
579,39955
580,73021
581,49520
582,16223
583,23292
584,16594
585,21396
586,911
587,4955
588,90616
589,8771
590,1884
591,102462
592,85098
593,1604
594,110430
595,62731
596,3292
597,8419
598,17785
599,55697
600,24912
601,18405
602,27887
603,89344
604,66998
605,112625
606,26773
607,76182
608,96066
609,56612
610,15205
611,51668
612,111252
613,52052
614,20061
615,2499
616,8910
617,33468
618,812
619,60332
620,110954
621,71643
622,19989
623,75261
624,10936
625,84402
626,20755
627,41950
628,23468
629,83622
630,93449
631,67149
632,25947
633,70208
634,120466
635,6517
636,126814
637,22897
638,29200
639,33890
640,102809
641,96651
642,50876
643,9431
644,44045
645,54527
646,74409
647,78822
648,19165
649,119675
650,108322
651,46559
652,94859
653,74212
654,70122
655,64739
656,67830
657,66095
658,57890
659,31496
660,18178
661,51226
662,83737
663,20087
664,105843
665,37320
666,118575
667,30595
668,62500
669,70699
670,31366
671,103219
672,10808
673,34413
674,7496
675,66375
676,29464
677,79281
678,21945
679,28764
680,78669
681,32167
682,74427
683,16663
684,110608
685,49862
686,7489
687,90477
688,77689
689,40592
690,29636
691,119314
692,44005
693,85449
694,5894
695,37711
696,103688
697,75324
698,129436
699,15308
700,130378
701,19584
702,67837
703,95761
704,79434
705,69211
706,88069
707,59276
708,123145
709,33985
710,20199
711,121855
712,110132
713,109545
714,8202
715,54186
716,118976
717,101415
718,59319
719,34665
720,109340
721,119761
722,21256
723,122601
724,68481
725,113440
726,18916
727,44841
728,48861
729,85320
730,67168
731,71730
732,107266
733,47921
734,63391
735,15128
736,125191
737,128803
738,101724
739,116760
740,104596
741,67120
742,92634
743,79674
744,124626
745,102754
746,116649
747,100515
748,10597
749,17562
750,6829
751,63169
752,43436
753,91198
754,36608
755,59163
756,119934
757,58903
758,33285
759,6560
760,110983
761,28950
762,113320
763,46893
764,105241
765,87417
766,53399
767,54673
768,65033
769,7756
770,18558
771,33413
772,55519
773,37076
774,101103
775,66172
776,73723
777,99113
778,105679
779,6956
780,117993
781,122103
782,18158
783,88783
784,84769
785,54506
786,93035
787,76065
788,60381
789,48218
790,9813
791,92432
792,74922
793,18943
794,100941
795,52436
796,15364
797,124705
798,34473
799,101945
800,112256
801,63105
802,65476
803,54007
804,20345
805,95525
806,119526
807,127695
808,98390
809,33078
810,24237
811,12854
812,93603
813,64228
814,79702
815,4539
816,10485
817,69999
818,34878
819,35417
820,6497
821,87278
822,98761
823,27632
824,36563
825,97351
826,95072
827,5896
828,52819
829,52991
830,129313
831,52902
832,4139
833,122448
834,62066
835,82130
836,55387
837,13655
838,104007
839,8944
840,91337
841,35532
842,74529
843,78099
844,103799
845,100570
846,71901
847,91776
848,3967
849,106303
850,96591
851,83448
852,119959
853,8113
854,3447
855,3663
856,118804
857,14585
858,95239
859,120668
860,118817
861,88127
862,96209
863,30889
864,17631
865,69120
866,66138
867,104742
868,75557
869,74994
870,67003
871,123905
872,7609
873,109772
874,373
875,51645
876,112139
877,54095
878,75434
879,104459
880,91525
881,72230
882,71077
883,76574
884,57092
885,77488
886,42602
887,66980
888,87870
889,83282
890,102671
891,38062
892,41860
893,52846
894,128633
895,76720
896,27387
897,21716
898,17324
899,13016
900,91340
901,14472
902,54287
903,16260
904,105451
905,67521
906,13413
907,37201
908,60193
909,99764
910,45742
911,17107
912,117773
913,114903
914,114718
915,33856
916,58925
917,107583
918,83411
919,39041
920,24898
921,47121
922,119018
923,98267
924,39347
925,115230
926,96888
927,12905
928,85779
929,10531
930,128388
931,8821
932,38245
933,9069
934,43988
935,6886
936,1616
937,70155
938,44766
939,103289
940,109268
941,69896
942,129988
943,14939
944,72478
945,70905
946,55191
947,107471
948,76407
949,78906
950,57903
951,106771
952,86844
953,103793
954,57234
955,82407
956,112006
957,122423
958,102434
959,120896
960,102869
961,71695
962,45291
963,118697
964,10185
965,18365
966,129529
967,39492
968,67867
969,100318
970,49782
971,119475
972,71150
973,76939
974,5754
975,96739
976,4390
977,32069
978,106973
979,91448
980,100074
981,90584
982,121865
983,13654
984,97666
985,63576
986,21532
987,112771
988,87235
989,30125
990,17745
991,70658
992,126009
993,125295
994,21123
995,47858
996,61935
997,91530
998,44339
999,47489
1000,27102
1001,83543
1002,69638
1003,81836
1004,69648
1005,106879
1006,113214
1007,29081
1008,43218
1009,125021
1010,65648
1011,34389
1012,114148
1013,25636
1014,117672
1015,126157
1016,19850
1017,116317
1018,88663
1019,14913
1020,122075
1021,45645
1022,78152
1023,128833
1024,27488
1025,24472
1026,81544
1027,230
1028,79155
1029,25296
1030,87184
1031,110716
1032,21527
1033,114788
1034,59032
1035,10892
1036,127329
1037,23174
1038,58794
1039,24857
1040,85292
1041,85919
1042,12364
1043,67395
1044,107089
1045,25646
1046,64417
1047,26808
1048,65102
1049,53739
1050,74375
1051,45925
1052,34750
1053,35918
1054,83178
1055,91455
1056,118166
1057,75969
1058,42086
1059,12843
1060,72489
1061,112388
1062,53327
1063,77065
1064,70883
1065,90517
1066,116185
1067,108431
1068,16128
1069,69622
1070,100224
1071,94253
1072,5515
1073,75704
1074,109906
1075,90143
1076,34140
1077,15492
1078,59903
1079,1565
1080,56281
1081,57164
1082,88655
1083,114973
1084,114474
1085,2176
1086,61072
1087,34939
1088,45738
1089,93456
1090,93148
1091,66908
1092,4036
1093,42759
1094,96544
1095,30386
1096,61917
1097,76806
1098,23349
1099,43076
1100,87896
1101,3464
1102,58237
1103,58523
1104,18215
1105,68233
1106,9705
1107,76025
1108,98589
1109,26149
1110,10492
1111,108291
1112,46557
1113,11329
1114,16123
1115,58580
1116,96446
1117,107634
1118,65190
1119,35256
1120,119441
1121,80990
1122,38785
1123,124045
1124,76227
1125,22059
1126,127490
1127,103329
1128,61950
1129,27727
1130,128658
1131,113965
1132,47419
1133,78442
1134,121753
1135,34520
1136,53759
1137,17792
1138,13457
1139,42176
1140,30884
1141,29555
1142,100506
1143,60622
1144,13499
1145,4919
1146,6156
1147,6742
1148,78330
1149,110265
1150,31401
1151,43071
1152,26203
1153,85908
1154,83171
1155,75031
1156,40049
1157,44089
1158,23743
1159,28283
1160,109786
1161,50225
1162,108791
1163,64046
1164,33566
1165,107204
1166,107223
1167,125184
1168,75070
1169,49476
1170,42983
1171,505
1172,84494
1173,118902
1174,27257
1175,76802
1176,31617
1177,123428
1178,31732
1179,3527
1180,19720
1181,107067
1182,62041
1183,5959
1184,43226
1185,118423
1186,106569
1187,116673
1188,35271
1189,129271
1190,40481
1191,86596
1192,54788
1193,52000
1194,6076
1195,130154
1196,58465
1197,56205
1198,73931
1199,66124
1200,123211
1201,59964
1202,125312
1203,6444
1204,123324
1205,26021
1206,37771
1207,91278
1208,6409
1209,71093
1210,20679
1211,2996
1212,80956
1213,88790
1214,102938
1215,49345
1216,81706
1217,58344
1218,43206
1219,99731
1220,106491
1221,62912
1222,3392
1223,118699
1224,90793
1225,113773
1226,103650
1227,22212
1228,86021
1229,78293
1230,30048
1231,68981
1232,23270
1233,37239
1234,62818
1235,71846
1236,51332
1237,105325
1238,28574
1239,125244
1240,104897
1241,38845
1242,21120
1243,40684
1244,56702
1245,90659
1246,37217
1247,108759
1248,20663
1249,12315
1250,42979
1251,128592
1252,37438
1253,77988
1254,73559
1255,5031
1256,103212
1257,92906
1258,129573
1259,108093
1260,124931
1261,94800
1262,126575
1263,36248
1264,93522
1265,28934
1266,48201
1267,49393
1268,127379
1269,2992
1270,71779
1271,14558
1272,44715
1273,24080
1274,94198
1275,59503
1276,68069
1277,21452
1278,29671
1279,39841
1280,10411
1281,16379
1282,5298
1283,17406
1284,77004
1285,110176
1286,52123
1287,77829
1288,111023
1289,44787
1290,46361
1291,127529
1292,119442
1293,106939
1294,25656
1295,4537
1296,28868
1297,16593
1298,116596
1299,33219
1300,121986
1301,87544
1302,2289
1303,3281
1304,71722
1305,52940
1306,96726
1307,62070
1308,101002
1309,56215
1310,81698
1311,55639
1312,107860
1313,99642
1314,106834
1315,127428
1316,104891
1317,127149
1318,91417
1319,97552
1320,77696
1321,14910
1322,91120
1323,103119
1324,82713
1325,88962
1326,84428
1327,34711
1328,129342
1329,19552
1330,3468
1331,56508
1332,70619
1333,41512
1334,33775
1335,101366
1336,87724
1337,56229
1338,64461
1339,120075
1340,121017
1341,60493
1342,38897
1343,57884
1344,78606
1345,34161
1346,123286
1347,48621
1348,63785
1349,108869
1350,112962
1351,81342
1352,98862
1353,1932
1354,91215
1355,54292
1356,46530
1357,84432
1358,61178
1359,7281
1360,32868
1361,121811
1362,107299
1363,35115
1364,104423
1365,64894
1366,118356
1367,78938
1368,31149
1369,12993
1370,89724
1371,125101
1372,69437
1373,32528
1374,92655
1375,81146
1376,104490
1377,55383
1378,808
1379,88189
1380,88993
1381,5526
1382,62232
1383,79545
1384,87258
1385,54353
1386,117538
1387,15386
1388,96657
1389,55668
1390,93617
1391,52891
1392,110907
1393,91061
1394,120179
1395,117631
1396,22102
1397,46156
1398,118876
1399,69804
1400,63743
1401,63031
1402,74393
1403,72857
1404,62678
1405,119714
1406,56009
1407,110076
1408,99881
1409,10864
1410,27957
1411,3727
1412,36781
1413,13093
1414,80276
1415,34874
1416,75180
1417,67279
1418,112356
1419,48301
1420,57686
1421,111127
1422,93664
1423,55425
1424,21653
1425,126762
1426,2192
1427,1568
1428,16699
1429,47538
1430,128747
1431,56458
1432,103067
1433,87962
1434,115458
1435,7800
1436,20664
1437,103928
1438,9129
1439,35063
1440,38461
1441,70690
1442,62419
1443,73303
1444,16991
1445,50831
1446,81651
1447,49805
1448,101602
1449,13088
1450,98310
1451,15626
1452,20450
1453,114079
1454,119678
1455,76591
1456,2258
1457,44046
1458,81843
1459,124379
1460,51477
1461,87299
1462,37749
1463,113168
1464,52035
1465,123967
1466,21582
1467,93741
1468,124607
1469,54179
1470,99506
1471,52558
1472,4775
1473,40625
1474,30621
1475,125657
1476,16264
1477,63360
1478,118165
1479,91675
1480,128867
1481,8465
1482,97954
1483,77402
1484,102178
1485,118234
1486,65739
1487,92301
1488,14863
1489,10415
1490,117347
1491,20095
1492,47658
1493,66951
1494,10249
1495,66682
1496,108159
1497,38944
1498,121474
1499,21852
1500,60689
1501,17848
1502,52135
1503,82090
1504,67818
1505,56271
1506,8157
1507,65636
1508,30835
1509,1973
1510,16087
1511,6132
1512,14337
1513,128538
1514,74991
1515,68992
1516,10142
1517,4683
1518,16766
1519,115493
1520,118533
1521,26005
1522,52731
1523,88057
1524,60781
1525,115490
1526,18781
1527,9403
1528,121979
1529,9135
1530,8598
1531,99512
1532,7483
1533,18659
1534,23449
1535,101298
1536,120648
1537,120510
1538,14253
1539,29980
1540,52495
1541,54391
1542,42730
1543,44815
1544,68160
1545,61149
1546,40664
1547,75427
1548,4632
1549,103428
1550,128774
1551,118197
1552,108990
1553,38168
1554,57482
1555,95060
1556,56471
1557,105263
1558,123060
1559,128957
1560,100269
1561,53745
1562,116352
1563,80212
1564,89169
1565,40236
1566,128290
1567,26913
1568,88596
1569,117291
1570,16648
1571,121313
1572,28103
1573,103609
1574,14391
1575,20829
1576,44289
1577,71637
1578,126376
1579,122639
1580,42397
1581,97281
1582,5880
1583,128181
1584,69977
1585,108447
1586,33294
1587,84754
1588,78248
1589,99251
1590,15611
1591,98662
1592,41742
1593,31234
1594,31484
1595,74200
1596,23390
1597,44770
1598,42523
1599,75784
1600,9088
1601,130235
1602,54361
1603,70304
1604,24202
1605,54837
1606,50937
1607,77977
1608,59764
1609,124578
1610,30715
1611,116970
1612,4408
1613,18100
1614,129576
1615,22413
1616,31874
1617,127899
1618,92077
1619,107158
1620,110472
1621,127397
1622,68440
1623,51865
1624,2985
1625,48382
1626,108829
1627,95085
1628,76355
1629,10357
1630,389
1631,25769
1632,45722
1633,25217
1634,77575
1635,67539
1636,22463
1637,56870
1638,57599
1639,126311
1640,6895
1641,91999
1642,53077
1643,38768
1644,25082
1645,53705
1646,59487
1647,72966
1648,83142
1649,42820
1650,13059
1651,59623
1652,52129
1653,37719
1654,91299
1655,25556
1656,17317
1657,126729
1658,23017
1659,31787
1660,97715
1661,125552
1662,56682
1663,22860
1664,119392
1665,52185
1666,64518
1667,17385
1668,109505
1669,109781
1670,38811
1671,98401
1672,82559
1673,129833
1674,13301
1675,71478
1676,39192
1677,84017
1678,35499
1679,40961
1680,7663
1681,117674
1682,61802
1683,111309
1684,25419
1685,45318
1686,76959
1687,52985
1688,37136
1689,94306
1690,102413
1691,66273
1692,82370
1693,91234
1694,52519
1695,94151
1696,678
1697,43338
1698,9770
1699,111848
1700,74171
1701,114109
1702,23533
1703,100563
1704,121225
1705,64016
1706,81947
1707,26901
1708,14901
1709,27080
1710,51902
1711,88864
1712,93204
1713,116785
1714,41928
1715,75725
1716,17794
1717,99330
1718,68296
1719,96304
1720,120588
1721,3038
1722,59647
1723,111732
1724,42383
1725,96223
1726,91892
1727,35235
1728,43811
1729,34741
1730,45615
1731,41817
1732,2098
1733,44515
1734,70350
1735,116434
1736,2826
1737,2392
1738,5627
1739,87784
1740,29487
1741,29335
1742,121162
1743,36864
1744,112303
1745,82695
1746,106745
1747,64135
1748,34295
1749,23511
1750,48584
1751,87554
1752,63931
1753,104633
1754,49919
1755,88565
1756,93666
1757,14876
1758,118814
1759,21909
1760,72220
1761,25878
1762,10834
1763,76971
1764,74546
1765,56468
1766,67652
1767,14660
1768,42025
1769,75802
1770,98576
1771,75206
1772,122266
1773,81287
1774,75939
1775,55064
1776,12028
1777,32169
1778,28965
1779,57302
1780,124719
1781,124434
1782,36141
1783,76020
1784,85491
1785,3096
1786,42230
1787,59138
1788,16825
1789,51988
1790,11673
1791,46909
1792,33923
1793,13270
1794,80127
1795,107166
1796,70562
1797,18618
1798,4365
1799,64424
1800,34000
1801,85251
1802,51427
1803,127467
1804,92895
1805,68535
1806,90988
1807,27594
1808,20460
1809,115117
1810,17509
1811,122999
1812,35328
1813,67466
1814,28538
1815,122304
1816,34971
1817,121518
1818,46531
1819,76111
1820,96855
1821,70358
1822,20843
1823,34667
1824,75105
1825,23
1826,67878
1827,74957
1828,58417
1829,81754
1830,74127
1831,100901
1832,70867
1833,16119
1834,129586
1835,126540
1836,114379
1837,98190
1838,61606
1839,24864
1840,97042
1841,9092
1842,98702
1843,30323
1844,73086
1845,122313
1846,63154
1847,61137
1848,112936
1849,57265
1850,86416
1851,11609
1852,75273
1853,104271
1854,47638
1855,2723
1856,125826
1857,46667
1858,127894
1859,83077
1860,86692
1861,118755
1862,31280
1863,70943
1864,3816
1865,102344
1866,18506
1867,128393
1868,102985
1869,41375
1870,60049
1871,4256
1872,101954
1873,24277
1874,89045
1875,87283
1876,128027
1877,45122
1878,98219
1879,73261
1880,105112
1881,118318
1882,51263
1883,98441
1884,78945
1885,105337
1886,73134
1887,126605
1888,91910
1889,81627
1890,78525
1891,86541
1892,39268
1893,29419
1894,92847
1895,78256
1896,116830
1897,32461
1898,122813
1899,28560
1900,70994
1901,55937
1902,60423
1903,88056
1904,84908
1905,109470
1906,56387
1907,72043
1908,23269
1909,9642
1910,127967
1911,24179
1912,52554
1913,117837
1914,101256
1915,92681
1916,123977
1917,112089
1918,5375
1919,38796
1920,16225
1921,18325
1922,121480
1923,29153
1924,72455
1925,38862
1926,3255
1927,117678
1928,88064
1929,129552
1930,37486
1931,113656
1932,33616
1933,59507
1934,30287
1935,10315
1936,66690
1937,83404
1938,4864
1939,99789
1940,94970
1941,9577
1942,37614
1943,61886
1944,69403
1945,113414
1946,39132
1947,8134
1948,25886
1949,106982
1950,76718
1951,68293
1952,14310
1953,1304
1954,23022
1955,103570
1956,8595
1957,66283
1958,74100
1959,73294
1960,98949
1961,13112
1962,114112
1963,80202
1964,80217
1965,98869
1966,19568
1967,93790
1968,11188
1969,67103
1970,92519
1971,19928
1972,77350
1973,42069
1974,118903
1975,95400
1976,44199
1977,80223
1978,59567
1979,122637
1980,112096
1981,15018
1982,53989
1983,41456
1984,119539
1985,41788
1986,117970
1987,59044
1988,101604
1989,84915
1990,67715
1991,35168
1992,52718
1993,106011
1994,89685
1995,123410
1996,12678
1997,94563
1998,119484
1999,59323
2000,59882
2001,84350
2002,66751
2003,14378
2004,34454
2005,2378
2006,65714
2007,56941
2008,6461
2009,75289
2010,86731
2011,81347
2012,126051
2013,67162
2014,80731
2015,74286
2016,90892
2017,97913
2018,40383
2019,57704
2020,61878
2021,3340
2022,99793
2023,116286
2024,72914
2025,81885
2026,123277
2027,120652
2028,49910
2029,58568
2030,17797
2031,122726
2032,22515
2033,74566
2034,26326
2035,80068
2036,130145
2037,97799
2038,30292
2039,59811
2040,112252
2041,67311
2042,25053
2043,85744
2044,128870
2045,94
2046,72664
2047,130392
2048,82329
2049,60452
2050,114616
2051,105338
2052,41798
2053,78045
2054,110568
2055,32572
2056,74145
2057,74223
2058,31497
2059,118812
2060,88137
2061,10940
2062,79875
2063,92290
2064,108652
2065,71989
2066,107951
2067,2350
2068,113309
2069,38332
2070,7491
2071,116061
2072,34129
2073,109168
2074,43362
2075,55772
2076,55280
2077,103243
2078,119268
2079,1851
2080,19443
2081,2538
2082,80737
2083,119987
2084,45073
2085,18663
2086,82359
2087,128075
2088,87793
2089,102086
2090,36885
2091,101745
2092,64278
2093,118175
2094,37407
2095,45926
2096,120261
2097,47513
2098,82758
2099,79568
2100,59171
2101,64017
2102,130074
2103,23159
2104,21714
2105,27341
2106,67210
2107,114589
2108,97952
2109,104381
2110,73786
2111,85384
2112,77647
2113,15965
2114,79499
2115,4394
2116,124537
2117,103935
2118,120037
2119,38153
2120,51120
2121,9454
2122,66949
2123,129548
2124,103660
2125,104953
2126,57137
2127,48558
2128,118232
2129,18273
2130,51545
2131,9072
2132,50172
2133,11414
2134,20933
2135,79625
2136,98164
2137,115529
2138,2184
2139,15612
2140,61955
2141,19966
2142,93736
2143,80114
2144,51065
2145,91147
2146,41377
2147,130320
2148,110715
2149,121140
2150,128586
2151,82963
2152,86497
2153,106736
2154,126066
2155,30417
2156,9697
2157,20872
2158,118870
2159,118400
2160,47836
2161,123915
2162,48048
2163,112703
2164,8683
2165,77989
2166,90957
2167,122436
2168,66316
2169,31936
2170,32716
2171,5523
2172,41931
2173,108595
2174,36722
2175,89071
2176,115013
2177,73874
2178,78810
2179,105884
2180,72109
2181,57034
2182,89052
2183,59747
2184,4582
2185,119794
2186,10657
2187,18280
2188,42545
2189,1975
2190,121889
2191,88914
2192,117757
2193,2044
2194,94448
2195,61868
2196,39645
2197,25062
2198,67616
2199,86736
2200,104850
2201,35995
2202,4423
2203,25937
2204,64569
2205,32623
2206,44228
2207,24952
2208,34635
2209,94786
2210,9388
2211,95926
2212,63640
2213,17357
2214,49505
2215,59022
2216,74502
2217,93106
2218,45832
2219,13019
2220,34894
2221,22795
2222,108233
2223,59586
2224,96631
2225,107617
2226,114847
2227,75621
2228,113406
2229,88786
2230,129958
2231,130218
2232,10052
2233,50374
2234,53009
2235,79365
2236,40
2237,126641
2238,44661
2239,76386
2240,87189
2241,90509
2242,22558
2243,9211
2244,39822
2245,17123
2246,78904
2247,56920
2248,81678
2249,49891
2250,45335
2251,98622
2252,92852
2253,95596
2254,21362
2255,58299
2256,30935
2257,84222
2258,89397
2259,60923
2260,89991
2261,67795
2262,16357
2263,18389
2264,92877
2265,126104
2266,78857
2267,19674
2268,97338
2269,26748
2270,114752
2271,116212
2272,118012
2273,94109
2274,107654
2275,22115
2276,44346
2277,105854
2278,128126
2279,66184
2280,80064
2281,35870
2282,112561
2283,52270
2284,77207
2285,110771
2286,35570
2287,104485
2288,80396
2289,71080
2290,118941
2291,15703
2292,130032
2293,72904
2294,12587
2295,83670
2296,128451
2297,83213
2298,26128
2299,92294
2300,39208
2301,33017
2302,106570
2303,72816
2304,121483
2305,74144
2306,28421
2307,110183
2308,18027
2309,120892
2310,113314
2311,30846
2312,70614
2313,88476
2314,119496
2315,55038
2316,110478
2317,59225
2318,14200
2319,123390
2320,116036
2321,66059
2322,130352
2323,118314
2324,117681
2325,111510
2326,106734
2327,71443
2328,119867
2329,13025
2330,32198
2331,98074
2332,124295
2333,13786
2334,43479
2335,57783
2336,86079
2337,107922
2338,47775
2339,74391
2340,47754
2341,5596
2342,129336
2343,93094
2344,103480
2345,103082
2346,122763
2347,71067
2348,100708
2349,87261
2350,106638
2351,62417
2352,127638
2353,112044
2354,60195
2355,112585
2356,47566
2357,69583
2358,89741
2359,21688
2360,29331
2361,72852
2362,53506
2363,40058
2364,40161
2365,64503
2366,2241
2367,40757
2368,53138
2369,73837
2370,127890
2371,92544
2372,75010
2373,30427
2374,27597
2375,81978
2376,5204
2377,859
2378,75451
2379,114634
2380,122645
2381,74696
2382,114825
2383,124268
2384,37363
2385,45714
2386,112463
2387,23669
2388,35251
2389,79320
2390,121911
2391,122040
2392,102283
2393,25247
2394,60350
2395,24562
2396,14469
2397,48639
2398,90937
2399,9645
2400,124058
2401,127476
2402,71886
2403,101305
2404,82725
2405,45685
2406,66243
2407,79040
2408,50646
2409,56664
2410,23355
2411,23151
2412,31438
2413,95763
2414,95749
2415,107059
2416,19723
2417,125574
2418,73612
2419,129901
2420,68473
2421,10457
2422,35782
2423,35894
2424,14861
2425,54697
2426,20454
2427,117733
2428,29777
2429,103236
2430,73792
2431,80456
2432,16277
2433,64438
2434,82452
2435,108158
2436,81890
2437,80621
2438,90887
2439,44523
2440,70022
2441,111408
2442,68362
2443,79893
2444,37738
2445,7334
2446,85184
2447,116308
2448,1657
2449,50234
2450,49613
2451,51618
2452,10937
2453,115486
2454,118148
2455,120542
2456,45486
2457,90095
2458,85535
2459,99566
2460,121722
2461,87537
2462,116301
2463,97519
2464,13940
2465,58486
2466,101083
2467,96027
2468,33414
2469,110540
2470,41977
2471,57694
2472,56136
2473,30876
2474,37095
2475,108366
2476,73443
2477,12591
2478,115699
2479,56899
2480,7118
2481,67923
2482,122009
2483,89954
2484,78171
2485,39375
2486,61968
2487,9547
2488,79847
2489,80530
2490,31017
2491,38998
2492,113513
2493,29620
2494,90162
2495,79957
2496,111603
2497,101080
2498,84826
2499,58127
2500,60737
2501,86052
2502,81954
2503,96889
2504,67155
2505,73305
2506,113911
2507,38176
2508,42709
2509,99615
2510,80781
2511,5644
2512,16481
2513,58399
2514,120371
2515,130153
2516,82158
2517,16792
2518,36822
2519,65887
2520,59773
2521,121803
2522,39125
2523,13455
2524,114293
2525,124739
2526,62440
2527,49985
2528,21008
2529,22596
2530,100817
2531,95450
2532,83733
2533,36828
2534,56903
2535,9750
2536,69089
2537,75373
2538,26518
2539,79675
2540,113880
2541,4636
2542,65703
2543,68221
2544,94107
2545,37321
2546,98130
2547,37883
2548,56693
2549,118272
2550,41424
2551,59876
2552,33348
2553,81288
2554,62190
2555,77980
2556,53645
2557,74670
2558,22236
2559,120270
2560,116028
2561,117386
2562,127516
2563,42898
2564,43439
2565,128518
2566,99388
2567,88884
2568,128869
2569,81902
2570,10323
2571,124021
2572,51973
2573,30510
2574,2868
2575,70120
2576,21220
2577,70876
2578,68932
2579,40611
2580,8549
2581,125680
2582,57201
2583,19810
2584,60314
2585,18058
2586,113620
2587,12559
2588,4235
2589,78494
2590,89060
2591,71940
2592,121820
2593,31751
2594,103283
2595,69835
2596,130281
2597,128493
2598,40412
2599,32565
2600,54172
2601,57020
2602,38279
2603,25756
2604,94787
2605,79125
2606,73476
2607,108249
2608,81407
2609,3572
2610,8531
2611,106117
2612,45458
2613,31199
2614,66917
2615,113610
2616,44328
2617,90582
2618,17563
2619,24517
2620,107180
2621,49544
2622,46286
2623,79619
2624,99749
2625,117201
2626,86694
2627,115898
2628,126688
2629,33576
2630,99210
2631,101121
2632,114960
2633,64605
2634,106070
2635,48721
2636,6558
2637,90508
2638,115499
2639,29889
2640,66214
2641,96991
2642,2117
2643,30212
2644,64064
2645,102078
2646,85223
2647,83943
2648,43174
2649,46185
2650,97383
2651,100516
2652,85608
2653,19950
2654,79862
2655,23906
2656,13314
2657,73147
2658,54566
2659,13631
2660,71087
2661,76675
2662,76535
2663,8689
2664,118685
2665,117432
2666,15171
2667,88279
2668,116401
2669,106786
2670,22954
2671,91668
2672,13106
2673,18465
2674,90461
2675,37224
2676,34459
2677,90398
2678,9986
2679,20053
2680,58680
2681,110042
2682,25480
2683,93591
2684,46645
2685,18450
2686,80422
2687,80346
2688,126764
2689,120549
2690,75016
2691,27808
2692,16345
2693,68965
2694,77469
2695,13941
2696,23785
2697,85247
2698,95209
2699,99923
2700,10904
2701,37912
2702,32700
2703,14544
2704,66230
2705,35475
2706,62118
2707,114069
2708,93140
2709,19236
2710,112204
2711,124465
2712,55047
2713,27553
2714,23125
2715,30394
2716,94677
2717,114724
2718,103504
2719,69236
2720,98871
2721,11628
2722,34495
2723,29422
2724,120119
2725,68437
2726,116459
2727,117684
2728,22098
2729,91425
2730,104691
2731,88083
2732,16685
2733,15835
2734,115462
2735,82833
2736,93120
2737,35330
2738,109586
2739,55200
2740,123720
2741,82363
2742,115065
2743,91182
2744,73084
2745,54762
2746,43431
2747,51657
2748,11297
2749,114878
2750,102840
2751,119423
2752,111468
2753,125612
2754,124441
2755,43165
2756,125269
2757,48610
2758,124114
2759,46264
2760,18700
2761,58986
2762,57702
2763,59569
2764,34606
2765,40654
2766,24724
2767,66584
2768,58362
2769,1415
2770,116917
2771,22536
2772,96971
2773,28340
2774,90024
2775,92265
2776,30312
2777,53142
2778,46107
2779,7378
2780,48779
2781,54668
2782,107858
2783,64561
2784,118704
2785,17902
2786,89054
2787,81078
2788,38680
2789,75765
2790,34692
2791,23321
2792,24176
2793,41388
2794,64995
2795,17633
2796,89363
2797,68483
2798,92702
2799,31191
2800,40196
2801,97639
2802,20864
2803,42415
2804,23359
2805,37659
2806,111100
2807,66003
2808,6853
2809,5999
2810,43762
2811,125494
2812,6967
2813,92382
2814,90002
2815,39200
2816,60680
2817,99402
2818,50673
2819,81443
2820,113629
2821,42556
2822,110713
2823,88021
2824,62401
2825,108443
2826,94476
2827,50414
2828,5706
2829,39662
2830,81879
2831,65607
2832,95589
2833,74022
2834,58914
2835,43153
2836,130220
2837,66502
2838,96283
2839,44544
2840,2612
2841,40831
2842,28462
2843,79830
2844,121534
2845,9716
2846,79165
2847,63583
2848,129490
2849,9045
2850,117949
2851,26892
2852,43850
2853,12095
2854,29813
2855,86285
2856,19429
2857,62582
2858,122389
2859,10487
2860,100141
2861,53897
2862,18336
2863,16752
2864,56008
2865,72357
2866,71131
2867,107025
2868,100508
2869,10079
2870,55860
2871,44926
2872,20025
2873,50313
2874,95925
2875,105661
2876,43427
2877,65410
2878,26585
2879,7223
2880,123773
2881,87179
2882,81022
2883,110899
2884,9120
2885,51163
2886,120598
2887,1123
2888,71320
2889,23187
2890,28731
2891,107773
2892,37827
2893,51042
2894,109183
2895,121531
2896,119724
2897,20948
2898,104964
2899,26372
2900,49752
2901,60861
2902,100925
2903,88368
2904,128487
2905,18508
2906,71582
2907,21739
2908,8374
2909,52167
2910,46753
2911,122110
2912,104268
2913,44070
2914,110313
2915,6629
2916,63947
2917,111735
2918,61827
2919,51607
2920,26807
2921,669
2922,33058
2923,128603
2924,60251
2925,23697
2926,64604
2927,104778
2928,59545
2929,119607
2930,96393
2931,1223
2932,13754
2933,106540
2934,116452
2935,50930
2936,96929
2937,12049
2938,44541
2939,26723
2940,3622
2941,27835
2942,104675
2943,22477
2944,11269
2945,116333
2946,9391
2947,32596
2948,67213
2949,44401
2950,23066
2951,107329
2952,111706
2953,77412
2954,28435
2955,122729
2956,14234
2957,86364
2958,94832
2959,49974
2960,96465
2961,113687
2962,38058
2963,70379
2964,41548
2965,116190
2966,105436
2967,83243
2968,122687
2969,67654
2970,129967
2971,62318
2972,26847
2973,26056
2974,50444
2975,104648
2976,107149
2977,39142
2978,123076
2979,108897
2980,103540
2981,69337
2982,85421
2983,65292
2984,51714
2985,98817
2986,124643
2987,115268
2988,46030
2989,80415
2990,107720
2991,74052
2992,84370
2993,16105
2994,43541
2995,14214
2996,39527
2997,48221
2998,100872
2999,95322
3000,57532
3001,62844
3002,13843
3003,39378
3004,16315
3005,39651
3006,51652
3007,78074
3008,19793
3009,103061
3010,1641
3011,50583
3012,96539
3013,87191
3014,31965
3015,53551
3016,109767
3017,121930
3018,91497
3019,102009
3020,6085
3021,40080
3022,37595
3023,60116
3024,107829
3025,30169
3026,123524
3027,36059
3028,97389
3029,66360
3030,71430
3031,114630
3032,10236
3033,41689
3034,3285
3035,65690
3036,107072
3037,62643
3038,56089
3039,17144
3040,84063
3041,129501
3042,73846
3043,75980
3044,93926
3045,60625
3046,50859
3047,112532
3048,18285
3049,2374
3050,35206
3051,40566
3052,33712
3053,33308
3054,83504
3055,73995
3056,42554
3057,15980
3058,65331
3059,12927
3060,40806
3061,93983
3062,85459
3063,46505
3064,70375
3065,114200
3066,66061
3067,64918
3068,25415
3069,113342
3070,33261
3071,7583
3072,71867
3073,34825
3074,73111
3075,18693
3076,47447
3077,13332
3078,26182
3079,26739
3080,15841
3081,93865
3082,8845
3083,65283
3084,11686
3085,10751
3086,39149
3087,104344
3088,109778
3089,11142
3090,85520
3091,97899
3092,76114
3093,102533
3094,111242
3095,112447
3096,51325
3097,42021
3098,109861
3099,70646
3100,3155
3101,80825
3102,22945
3103,127653
3104,117734
3105,83633
3106,21624
3107,17954
3108,119563
3109,83347
3110,27874
3111,3918
3112,13981
3113,118316
3114,21938
3115,8287
3116,21492
3117,77827
3118,68410
3119,52559
3120,130273
3121,50316
3122,104183
3123,46407
3124,10448
3125,10544
3126,128389
3127,42843
3128,66373
3129,67235
3130,129594
3131,55871
3132,130216
3133,102031
3134,47404
3135,54960
3136,60986
3137,108948
3138,89225
3139,88114
3140,98916
3141,75677
3142,78846
3143,111427
3144,77142
3145,40905
3146,105264
3147,49565
3148,59370
3149,126433
3150,103989
3151,34304
3152,98977
3153,7198
3154,111433
3155,26616
3156,20268
3157,52957
3158,89263
3159,69510
3160,48868
3161,92113
3162,50198
3163,84756
3164,117984
3165,54822
3166,9621
3167,22137
3168,48205
3169,87493
3170,53834
3171,87221
3172,88809
3173,113946
3174,83533
3175,43104
3176,109118
3177,15722
3178,9886
3179,40207
3180,54625
3181,12604
3182,68789
3183,90441
3184,73801
3185,16573
3186,125073
3187,105807
3188,73405
3189,55710
3190,111927
3191,60454
3192,13646
3193,69463
3194,75167
3195,100352
3196,22609
3197,51808
3198,72077
3199,10611
3200,106720
3201,30179
3202,10206
3203,53379
3204,54993
3205,50033
3206,3195
3207,17776
3208,16886
3209,84362
3210,34577
3211,9033
3212,114558
3213,6519
3214,73012
3215,52136
3216,123001
3217,127154
3218,47149
3219,83223
3220,38203
3221,107348
3222,102112
3223,5949
3224,49261
3225,111170
3226,126877
3227,68564
3228,115347
3229,101942
3230,45996
3231,121187
3232,20288
3233,30802
3234,48244
3235,33543
3236,1274
3237,79905
3238,27908
3239,128906
3240,44501
3241,6741
3242,84396
3243,92448
3244,11701
3245,35952
3246,88140
3247,128994
3248,3170
3249,71000
3250,37607
3251,124118
3252,60258
3253,88686
3254,20527
3255,111195
3256,104716
3257,96958
3258,116192
3259,64368
3260,49192
3261,91951
3262,51307
3263,109299
3264,101706
3265,41952
3266,115070
3267,124951
3268,34536
3269,3116
3270,114970
3271,99176
3272,16486
3273,117251
3274,39148
3275,102528
3276,25945
3277,256
3278,38065
3279,77014
3280,110290
3281,110352
3282,15785
3283,59088
3284,3723
3285,34168
3286,6714
3287,72342
3288,52801
3289,86827
3290,76483
3291,55133
3292,96341
3293,30844
3294,126262
3295,121304
3296,26297
3297,22686
3298,47181
3299,82022
3300,43094
3301,37799
3302,3032
3303,65464
3304,84551
3305,51337
3306,47964
3307,72476
3308,43907
3309,119689
3310,116935
3311,50537
3312,17010
3313,33188
3314,6966
3315,71492
3316,35481
3317,83724
3318,88350
3319,122934
3320,118783
3321,24743
3322,129098
3323,17067
3324,47529
3325,84663
3326,78948
3327,101225
3328,100883
3329,17803
3330,5840
3331,21312
3332,393
3333,40640
3334,87256
3335,122660
3336,15201
3337,60808
3338,93598
3339,30838
3340,83072
3341,46021
3342,63602
3343,19702
3344,56145
3345,64193
3346,83738
3347,103861
3348,13110
3349,11354
3350,129713
3351,11020
3352,78912
3353,98165
3354,115949
3355,29111
3356,128038
3357,71950
3358,27223
3359,85258
3360,104277
3361,36219
3362,118133
3363,63203
3364,34222
3365,124690
3366,69028
3367,63337
3368,73749
3369,95991
3370,18018
3371,64073
3372,119835
3373,66892
3374,64172
3375,38394
3376,80337
3377,32124
3378,109835
3379,69657
3380,66864
3381,107026
3382,57494
3383,48005
3384,6391
3385,57776
3386,124350
3387,75924
3388,32794
3389,55470
3390,66284
3391,100581
3392,89096
3393,15187
3394,47889
3395,79767
3396,36670
3397,36965
3398,22622
3399,3037
3400,73534
3401,52649
3402,97109
3403,130191
3404,15017
3405,90912
3406,67761
3407,84080
3408,72642
3409,54994
3410,107899
3411,120654
3412,95571
3413,30154
3414,5094
3415,81291
3416,105472
3417,101170
3418,108283
3419,117175
3420,43093
3421,49917
3422,77540
3423,120178
3424,81107
3425,49013
3426,2104
3427,43981
3428,38370
3429,86167
3430,80315
3431,57598
3432,16153
3433,68102
3434,25856
3435,104336
3436,98786
3437,19991
3438,62215
3439,94211
3440,71736
3441,84136
3442,23134
3443,59841
3444,106503
3445,126954
3446,87344
3447,115293
3448,111236
3449,53528
3450,45525
3451,112505
3452,70942
3453,95389
3454,13442
3455,18953
3456,44536
3457,74402
3458,28453
3459,100602
3460,56608
3461,2413
3462,6198
3463,40385
3464,9111
3465,65997
3466,49945
3467,121051
3468,64076
3469,96654
3470,107964
3471,75003
3472,117250
3473,23951
3474,100910
3475,111422
3476,23303
3477,92844
3478,2124
3479,120584
3480,125930
3481,50472
3482,118650
3483,129499
3484,40145
3485,74679
3486,29044
3487,62791
3488,42215
3489,2743
3490,52916
3491,52062
3492,120507
3493,68512
3494,102349
3495,123240
3496,27958
3497,70506
3498,113103
3499,29165
3500,72557
3501,120356
3502,74732
3503,58200
3504,116424
3505,28081
3506,5157
3507,83148
3508,98791
3509,80946
3510,75316
3511,80694
3512,86025
3513,103776
3514,3114
3515,85544
3516,37549
3517,123053
3518,88146
3519,122195
3520,55073
3521,81464
3522,8875
3523,82568
3524,15732
3525,7047
3526,39120
3527,112627
3528,125196
3529,76878
3530,85042
3531,50993
3532,123111
3533,119877
3534,93857
3535,115958
3536,4376
3537,92738
3538,47671
3539,103476
3540,32953
3541,107096
3542,95874
3543,53574
3544,44412
3545,80355
3546,25442
3547,119547
3548,40477
3549,49043
3550,91553
3551,95321
3552,34787
3553,77419
3554,104561
3555,24860
3556,110219
3557,95349
3558,27452
3559,126784
3560,38213
3561,114990
3562,111691
3563,94809
3564,100713
3565,33786
3566,24297
3567,41184
3568,34668
3569,19573
3570,36710
3571,102778
3572,93367
3573,59405
3574,28664
3575,128746
3576,44317
3577,98707
3578,103795
3579,57430
3580,90202
3581,129622
3582,73702
3583,35278
3584,39642
3585,55757
3586,90880
3587,115638
3588,106161
3589,14266
3590,128452
3591,88821
3592,43606
3593,43418
3594,128097
3595,52584
3596,40342
3597,17210
3598,13936
3599,109
3600,89437
3601,30283
3602,95880
3603,32867
3604,36691
3605,116689
3606,48173
3607,123310
3608,124974
3609,25115
3610,39966
3611,56450
3612,63439
3613,99820
3614,123079
3615,122464
3616,80443
3617,78420
3618,112390
3619,64843
3620,10690
3621,31389
3622,87666
3623,84166
3624,96033
3625,45626
3626,66991
3627,40995
3628,87693
3629,6883
3630,25439
3631,126809
3632,37948
3633,31950
3634,125439
3635,112281
3636,121347
3637,7651
3638,69003
3639,58188
3640,88557
3641,122364
3642,113189
3643,53541
3644,104563
3645,11035
3646,100946
3647,122315
3648,51135
3649,119025
3650,19933
3651,126171
3652,38225
3653,60872
3654,63760
3655,109307
3656,71344
3657,128897
3658,39191
3659,37705
3660,31139
3661,80049
3662,78170
3663,126907
3664,89967
3665,69966
3666,50383
3667,126556
3668,21555
3669,40596
3670,86775
3671,42651
3672,120599
3673,89520
3674,25749
3675,23212
3676,44410
3677,114387
3678,9843
3679,14956
3680,73063
3681,53167
3682,16794
3683,8752
3684,71931
3685,49536
3686,35373
3687,85783
3688,80326
3689,3328
3690,43269
3691,92216
3692,120776
3693,117999
3694,83648
3695,54900
3696,51815
3697,36226
3698,40296
3699,121573
3700,85539
3701,52563
3702,223
3703,51039
3704,74690
3705,31781
3706,4680
3707,117494
3708,603
3709,38318
3710,62801
3711,112280
3712,118079
3713,119838
3714,9583
3715,34322
3716,58439
3717,111983
3718,100197
3719,73886
3720,53408
3721,105007
3722,33349
3723,30913
3724,55968
3725,12496
3726,53878
3727,55768
3728,7891
3729,39982
3730,4479
3731,60831
3732,85676
3733,43487
3734,14817
3735,101268
3736,88325
3737,13164
3738,121019
3739,12960
3740,40261
3741,116607
3742,97419
3743,104231
3744,73050
3745,113559
3746,129209
3747,107684
3748,112919
3749,7585
3750,37528
3751,110522
3752,65441
3753,41312
3754,96405
3755,9252
3756,127259
3757,13816
3758,108066
3759,69545
3760,77328
3761,65422
3762,123422
3763,103055
3764,86032
3765,114477
3766,6901
3767,70514
3768,128844
3769,9196
3770,71600
3771,32999
3772,68493
3773,122128
3774,79354
3775,77786
3776,51401
3777,83354
3778,51282
3779,112986
3780,74996
3781,59631
3782,65019
3783,60032
3784,30531
3785,39389
3786,66597
3787,31960
3788,3379
3789,125447
3790,33186
3791,8474
3792,11167
3793,44643
3794,128087
3795,81851
3796,23244
3797,125325
3798,87535
3799,16906
3800,73607
3801,65343
3802,28707
3803,60562
3804,123825
3805,5331
3806,63940
3807,10989
3808,82945
3809,97202
3810,57729
3811,114959
3812,64375
3813,29986
3814,98059
3815,125227
3816,49422
3817,36062
3818,21385
3819,10891
3820,15561
3821,13124
3822,98438
3823,95082
3824,39653
3825,119135
3826,40482
3827,47252
3828,44817
3829,127836
3830,5697
3831,49665
3832,65797
3833,77974
3834,96484
3835,49852
3836,48524
3837,106006
3838,127644
3839,119565
3840,114757
3841,80274
3842,109116
3843,110053
3844,47770
3845,12618
3846,2894
3847,35620
3848,106750
3849,82201
3850,107788
3851,113296
3852,21027
3853,32125
3854,111790
3855,113105
3856,116403
3857,9378
3858,99360
3859,30034
3860,84702
3861,111294
3862,59834
3863,97238
3864,55882
3865,64897
3866,14185
3867,128656
3868,107861
3869,88865
3870,127715
3871,30705
3872,99049
3873,29630
3874,31128
3875,13419
3876,52954
3877,95374
3878,50682
3879,45163
3880,70928
3881,13226
3882,113273
3883,128044
3884,28331
3885,25765
3886,61592
3887,113447
3888,73817
3889,56113
3890,129515
3891,103202
3892,10225
3893,1724
3894,81742
3895,100572
3896,47123
3897,2067
3898,102309
3899,22941
3900,25896
3901,120194
3902,100747
3903,93038
3904,126844
3905,19611
3906,14555
3907,61386
3908,17145
3909,38752
3910,104892
3911,33454
3912,57330
3913,5377
3914,9631
3915,75221
3916,79014
3917,126049
3918,129124
3919,111084
3920,80065
3921,43463
3922,130055
3923,20633
3924,117095
3925,92876
3926,72210
3927,66963
3928,1966
3929,36140
3930,129712
3931,13052
3932,35035
3933,37504
3934,126190
3935,20493
3936,77411
3937,78889
3938,22601
3939,76955
3940,109156
3941,93022
3942,41536
3943,120613
3944,13715
3945,87204
3946,78319
3947,18051
3948,94395
3949,10783
3950,57553
3951,23658
3952,85769
3953,32981
3954,56657
3955,61926
3956,13283
3957,39963
3958,129231
3959,74290
3960,24161
3961,105504
3962,113389
3963,67348
3964,34646
3965,84391
3966,95292
3967,855
3968,21984
3969,91936
3970,112877
3971,38066
3972,74118
3973,31449
3974,38605
3975,46788
3976,24924
3977,98282
3978,45764
3979,47524
3980,79947
3981,36641
3982,32693
3983,3046
3984,63779
3985,92930
3986,45007
3987,62557
3988,22444
3989,74500
3990,32091
3991,46454
3992,15196
3993,33402
3994,98964
3995,83018
3996,19920
3997,114191
3998,45829
3999,68465
4000,15119
4001,101666
4002,34941
4003,26924
4004,71665
4005,123366
4006,114701
4007,119339
4008,36509
4009,42499
4010,91471
4011,87971
4012,27271
4013,18501
4014,28377
4015,80175
4016,39737
4017,35571
4018,95934
4019,12432
4020,15522
4021,30439
4022,56121
4023,100307
4024,90507
4025,35455
4026,126466
4027,87085
4028,42064
4029,123861
4030,11398
4031,17782
4032,129610
4033,19381
4034,114225
4035,118803
4036,51617
4037,67503
4038,117602
4039,87613
4040,103508
4041,117601
4042,13629
4043,15548
4044,63226
4045,7608
4046,14606
4047,63081
4048,33965
4049,93177
4050,28431
4051,48214
4052,77503
4053,94207
4054,65898
4055,14148
4056,69122
4057,73062
4058,107189
4059,22577
4060,44139
4061,72011
4062,60485
4063,124366
4064,89418
4065,96111
4066,103438
4067,113364
4068,93660
4069,83424
4070,55511
4071,40503
4072,97590
4073,121701
4074,109604
4075,90866
4076,126905
4077,12934
4078,16769
4079,97947
4080,14270
4081,110062
4082,105428
4083,88187
4084,100555
4085,72470
4086,79000
4087,104954
4088,99170
4089,14444
4090,33283
4091,111925
4092,77705
4093,35431
4094,6624
4095,53640
4096,56915
4097,72226
4098,102923
4099,67531
4100,10118
4101,30315
4102,48165
4103,59435
4104,77267
4105,37655
4106,85253
4107,41959
4108,8761
4109,83040
4110,63087
4111,47549
4112,9800
4113,13850
4114,75675
4115,63815
4116,91598
4117,50533
4118,82101
4119,111505
4120,52279
4121,47763
4122,116809
4123,27974
4124,104871
4125,112852
4126,112427
4127,18408
4128,47805
4129,26289
4130,34506
4131,29718
4132,78215
4133,8709
4134,90187
4135,16584
4136,6954
4137,125400
4138,55285
4139,113449
4140,109902
4141,17700
4142,71074
4143,3139
4144,48751
4145,111376
4146,126771
4147,97012
4148,15687
4149,36239
4150,28875
4151,35090
4152,123991
4153,85849
4154,35586
4155,119207
4156,57735
4157,126671
4158,22076
4159,115793
4160,116920
4161,129782
4162,94963
4163,124488
4164,11998
4165,10604
4166,46010
4167,62188
4168,55275
4169,94936
4170,35388
4171,20242
4172,1698
4173,90384
4174,35004
4175,110542
4176,28344
4177,128499
4178,28062
4179,116976
4180,94422
4181,84664
4182,104948
4183,111099
4184,658
4185,29679
4186,121940
4187,108941
4188,26805
4189,60392
4190,84822
4191,58311
4192,77942
4193,84239
4194,87102
4195,48962
4196,57596
4197,14862
4198,54654
4199,69063
4200,130295
4201,63853
4202,79194
4203,22468
4204,36441
4205,72564
4206,42438
4207,80097
4208,39206
4209,115983
4210,118006
4211,122776
4212,46332
4213,121384
4214,18751
4215,33818
4216,110746
4217,77934
4218,57539
4219,40491
4220,32272
4221,20839
4222,81249
4223,107620
4224,39409
4225,32829
4226,129889
4227,71763
4228,72976
4229,23530
4230,127200
4231,106278
4232,71642
4233,36165
4234,101021
4235,90716
4236,64867
4237,35043
4238,63555
4239,50357
4240,48564
4241,29821
4242,123293
4243,71248
4244,116312
4245,17553
4246,3513
4247,45178
4248,87289
4249,77840
4250,127721
4251,49930
4252,24696
4253,120265
4254,113733
4255,124470
4256,27082
4257,71108
4258,56357
4259,106979
4260,68752
4261,126112
4262,89146
4263,82779
4264,49395
4265,31098
4266,3876
4267,73850
4268,29517
4269,82943
4270,75488
4271,122245
4272,95248
4273,53352
4274,106818
4275,94308
4276,27947
4277,66962
4278,126180
4279,107132
4280,67772
4281,109348
4282,90646
4283,18349
4284,108169
4285,78800
4286,89618
4287,4073
4288,1237
4289,44983
4290,3336
4291,13171
4292,114244
4293,41611
4294,28874
4295,88681
4296,48026
4297,97835
4298,3180
4299,41148
4300,48630
4301,15994
4302,8025
4303,30587
4304,21228
4305,48432
4306,43286
4307,59693
4308,80715
4309,4326
4310,54946
4311,41180
4312,29782
4313,70777
4314,72651
4315,9585
4316,9277
4317,101626
4318,24593
4319,100607
4320,80719
4321,76222
4322,66549
4323,95709
4324,103479
4325,41882
4326,103640
4327,57707
4328,25666
4329,10043
4330,12915
4331,108945
4332,1877
4333,80370
4334,98968
4335,76858
4336,11434
4337,37880
4338,122769
4339,125725
4340,58335
4341,84446
4342,27864
4343,3946
4344,114971
4345,23423
4346,33371
4347,14840
4348,18656
4349,22350
4350,21035
4351,62128
4352,18410
4353,16494
4354,68127
4355,128596
4356,73120
4357,42109
4358,100017
4359,1815
4360,18482
4361,56168
4362,100557
4363,47563
4364,55679
4365,47617
4366,17648
4367,7497
4368,89149
4369,10700
4370,75039
4371,85012
4372,31181
4373,118158
4374,48608
4375,14419
4376,26390
4377,126587
4378,19157
4379,11762
4380,50741
4381,18033
4382,57812
4383,32314
4384,98240
4385,114412
4386,78284
4387,45168
4388,64397
4389,55803
4390,92629
4391,114088
4392,90144
4393,68667
4394,23542
4395,103890
4396,87209
4397,52722
4398,30965
4399,47084
4400,99016
4401,54314
4402,56133
4403,104472
4404,2238
4405,59298
4406,57548
4407,117803
4408,32406
4409,96496
4410,9790
4411,123353
4412,18978
4413,28943
4414,68269
4415,119060
4416,118969
4417,33130
4418,77383
4419,8323
4420,121087
4421,24754
4422,46438
4423,71902
4424,120029
4425,62071
4426,26692
4427,59302
4428,91179
4429,10994
4430,47441
4431,8617
4432,66233
4433,122921
4434,111344
4435,90979
4436,69933
4437,1632
4438,107260
4439,103305
4440,56597
4441,130420
4442,110462
4443,95910
4444,7412
4445,49598
4446,63462
4447,84720
4448,54049
4449,42012
4450,13696
4451,25606
4452,103830
4453,85390
4454,109197
4455,22249
4456,46152
4457,92405
4458,91778
4459,101442
4460,55586
4461,66488
4462,13275
4463,101109
4464,53829
4465,110726
4466,66863
4467,70855
4468,76767
4469,51095
4470,95572
4471,57557
4472,17723
4473,90154
4474,38773
4475,61956
4476,110108
4477,2762
4478,64180
4479,51419
4480,32553
4481,42715
4482,9564
4483,2983
4484,10705
4485,23605
4486,67936
4487,5837
4488,56723
4489,348
4490,53853
4491,14526
4492,8592
4493,70061
4494,22907
4495,126746
4496,38520
4497,30486
4498,124618
4499,61736
4500,48435
4501,46930
4502,126232
4503,84890
4504,5019
4505,103474
4506,115624
4507,116501
4508,125232
4509,80418
4510,125838
4511,3252
4512,53451
4513,69161
4514,113778
4515,96323
4516,122935
4517,35534
4518,113379
4519,61757
4520,86700
4521,75894
4522,92733
4523,105664
4524,122913
4525,76376
4526,40473
4527,19365
4528,48088
4529,63721
4530,31591
4531,7271
4532,100653
4533,81833
4534,10401
4535,77221
4536,46091
4537,39788
4538,99718
4539,70158
4540,27357
4541,64626
4542,117546
4543,38589
4544,2420
4545,92717
4546,126473
4547,70368
4548,8667
4549,50195
4550,19955
4551,31267
4552,106120
4553,15412
4554,35836
4555,101928
4556,89378
4557,103246
4558,5901
4559,20747
4560,115092
4561,46457
4562,85743
4563,90780
4564,80554
4565,78079
4566,105119
4567,49898
4568,47043
4569,59102
4570,25692
4571,82647
4572,95863
4573,33838
4574,4570
4575,12954
4576,38755
4577,105734
4578,48320
4579,59483
4580,112376
4581,80317
4582,22573
4583,755
4584,13428
4585,54551
4586,73632
4587,123159
4588,113402
4589,100218
4590,107116
4591,86469
4592,44534
4593,27827
4594,116522
4595,16944
4596,119473
4597,86534
4598,110204
4599,98612
4600,4963
4601,123750
4602,851
4603,80054
4604,104758
4605,4386
4606,14236
4607,73356
4608,25585
4609,51964
4610,123487
4611,86178
4612,65592
4613,99810
4614,4438
4615,14635
4616,24846
4617,115429
4618,4610
4619,116475
4620,9662
4621,21576
4622,8581
4623,74660
4624,21291
4625,121148
4626,37946
4627,4000
4628,130393
4629,34558
4630,63885
4631,77015
4632,12976
4633,116117
4634,11893
4635,14217
4636,111380
4637,129665
4638,129702
4639,74267
4640,107227
4641,13294
4642,25726
4643,46827
4644,91983
4645,120216
4646,56956
4647,12289
4648,2889
4649,110897
4650,80050
4651,48306
4652,44266
4653,18073
4654,123796
4655,34187
4656,53398
4657,14427
4658,127560
4659,31075
4660,155
4661,115659
4662,63766
4663,123084
4664,115262
4665,32038
4666,49214
4667,25989
4668,113641
4669,53048
4670,31802
4671,62934
4672,84726
4673,1293
4674,119064
4675,125805
4676,77825
4677,110298
4678,4733
4679,29540
4680,7893
4681,2316
4682,96655
4683,2575
4684,60590
4685,101934
4686,45625
4687,37166
4688,19508
4689,60214
4690,40495
4691,17108
4692,62261
4693,85481
4694,45953
4695,97451
4696,58193
4697,49377
4698,84956
4699,82115
4700,69548
4701,67412
4702,64218
4703,68374
4704,129395
4705,81471
4706,23192
4707,106168
4708,4522
4709,90413
4710,67441
4711,47984
4712,104590
4713,108544
4714,49929
4715,4665
4716,48594
4717,45587
4718,61854
4719,7277
4720,69837
4721,121229
4722,51131
4723,18373
4724,22763
4725,37425
4726,53381
4727,46036
4728,2693
4729,81523
4730,88895
4731,98426
4732,52057
4733,54355
4734,66573
4735,111147
4736,51005
4737,98131
4738,89551
4739,95868
4740,106483
4741,65000
4742,119316
4743,35422
4744,5135
4745,95491
4746,107170
4747,117587
4748,107073
4749,18676
4750,10647
4751,47391
4752,61200
4753,55000
4754,11685
4755,20611
4756,110911
4757,79161
4758,39646
4759,42900
4760,97759
4761,52823
4762,98290
4763,33583
4764,86909
4765,87572
4766,104202
4767,36931
4768,70046
4769,69893
4770,97993
4771,26806
4772,13799
4773,3383
4774,24111
4775,107636
4776,123271
4777,27243
4778,48073
4779,9461
4780,41346
4781,40980
4782,51740
4783,32163
4784,86366
4785,53428
4786,126591
4787,59112
4788,65386
4789,35537
4790,48202
4791,104409
4792,93334
4793,86783
4794,29576
4795,58815
4796,8352
4797,81956
4798,13069
4799,59536
4800,29397
4801,86264
4802,65047
4803,99188
4804,119335
4805,38822
4806,121418
4807,68459
4808,113473
4809,98086
4810,59152
4811,94015
4812,70448
4813,112608
4814,114017
4815,104189
4816,111525
4817,42959
4818,19994
4819,23117
4820,46626
4821,78776
4822,35463
4823,30837
4824,11546
4825,7238
4826,91032
4827,72047
4828,114434
4829,8130
4830,51335
4831,11228
4832,25526
4833,57007
4834,107826
4835,19113
4836,106788
4837,28925
4838,55119
4839,89214
4840,107469
4841,126988
4842,93501
4843,44315
4844,42732
4845,80743
4846,51496
4847,12130
4848,56509
4849,14852
4850,71210
4851,5309
4852,97210
4853,114163
4854,28360
4855,71347
4856,11116
4857,73754
4858,3584
4859,125582
4860,117819
4861,103512
4862,112706
4863,128541
4864,64798
4865,62067
4866,12360
4867,108939
4868,120276
4869,26691
4870,120844
4871,15684
4872,101195
4873,89210
4874,4970
4875,107029
4876,43634
4877,87332
4878,47217
4879,1381
4880,102679
4881,69237
4882,81985
4883,24753
4884,81180
4885,80594
4886,2951
4887,44893
4888,59655
4889,113288
4890,24775
4891,6111
4892,103691
4893,103435
4894,113355
4895,72801
4896,45303
4897,100937
4898,107701
4899,48464
4900,80818
4901,114050
4902,103790
4903,19800
4904,64403
4905,14513
4906,116309
4907,81490
4908,108513
4909,101644
4910,74976
4911,82348
4912,89414
4913,40820
4914,79477
4915,29071
4916,43289
4917,68145
4918,42379
4919,14960
4920,53205
4921,75548
4922,40982
4923,17945
4924,88426
4925,8582
4926,15366
4927,23768
4928,19257
4929,69915
4930,122648
4931,60486
4932,51053
4933,50095
4934,25983
4935,20338
4936,56186
4937,116215
4938,119512
4939,4854
4940,16898
4941,36045
4942,93088
4943,43332
4944,43023
4945,92612
4946,80291
4947,10481
4948,12057
4949,49005
4950,110867
4951,95789
4952,26849
4953,116518
4954,19785
4955,92795
4956,48738
4957,103464
4958,126701
4959,38084
4960,27447
4961,106369
4962,20522
4963,108090
4964,88918
4965,30886
4966,41317
4967,129168
4968,68373
4969,102747
4970,31458
4971,40011
4972,23112
4973,111794
4974,50104
4975,61012
4976,71556
4977,24146
4978,59446
4979,11897
4980,67026
4981,116669
4982,59270
4983,119616
4984,63682
4985,118604
4986,90158
4987,82300
4988,46975
4989,51858
4990,1390
4991,57523
4992,9575
4993,43498
4994,9232
4995,66347
4996,2975
4997,87747
4998,53726
4999,46590
5000,65775
5001,15599
5002,91387
5003,79257
5004,59205
5005,110636
5006,96463
5007,38092
5008,120990
5009,77594
5010,84863
5011,6922
5012,54545
5013,33909
5014,46533
5015,7656
5016,123080
5017,6621
5018,16542
5019,65192
5020,45844
5021,30535
5022,104123
5023,11846
5024,4428
5025,59715
5026,39861
5027,72164
5028,54126
5029,54569
5030,76835
5031,78998
5032,118363
5033,27432
5034,81123
5035,105903
5036,71130
5037,26797
5038,3391
5039,1094
5040,59899
5041,70203
5042,5611
5043,106141
5044,75926
5045,114682
5046,32135
5047,82651
5048,39363
5049,95917
5050,103021
5051,45786
5052,127902
5053,6126
5054,93570
5055,98571
5056,118250
5057,122035
5058,122916
5059,42748
5060,116348
5061,39694
5062,78364
5063,85226
5064,11144
5065,109613
5066,105791
5067,78113
5068,38303
5069,57841
5070,60567
5071,49030
5072,23671
5073,115713
5074,51246
5075,85985
5076,37133
5077,90251
5078,110304
5079,77610
5080,49198
5081,79520
5082,81792
5083,7003
5084,57839
5085,44439
5086,43885
5087,6573
5088,84441
5089,8802
5090,34219
5091,36633
5092,91601
5093,130232
5094,5824
5095,39225
5096,95158
5097,88633
5098,105590
5099,17230
5100,42387
5101,53736
5102,5601
5103,88525
5104,21625
5105,113322
5106,50325
5107,99867
5108,48091
5109,45731
5110,68723
5111,77726
5112,108244
5113,126948
5114,100476
5115,66305
5116,61366
5117,52068
5118,88503
5119,121673
5120,90745
5121,11716
5122,45212
5123,130031
5124,21788
5125,3618
5126,8610
5127,18999
5128,97283
5129,88594
5130,12309
5131,12631
5132,95337
5133,32026
5134,37013
5135,89987
5136,41325
5137,50739
5138,103746
5139,62022
5140,117401
5141,118157
5142,100767
5143,111292
5144,97914
5145,29284
5146,24116
5147,69917
5148,33049
5149,43686
5150,31176
5151,65232
5152,107890
5153,108812
5154,24640
5155,57886
5156,57764
5157,65669
5158,55346
5159,2880
5160,12442
5161,95771
5162,114886
5163,115824
5164,14811
5165,45483
5166,862
5167,75467
5168,103997
5169,47476
5170,17568
5171,41131
5172,58259
5173,23036
5174,118561
5175,115564
5176,101100
5177,40505
5178,80310
5179,105809
5180,4729
5181,126739
5182,51176
5183,71974
5184,5777
5185,28436
5186,129825
5187,128501
5188,4359
5189,77309
5190,13410
5191,90740
5192,13927
5193,95002
5194,117679
5195,124800
5196,11283
5197,117583
5198,55741
5199,26318
5200,73033
5201,43692
5202,83631
5203,34602
5204,24818
5205,13827
5206,112814
5207,330
5208,70641
5209,94011
5210,117698
5211,81152
5212,37899
5213,32090
5214,541
5215,1881
5216,105934
5217,120090
5218,5759
5219,18020
5220,129458
5221,127599
5222,95503
5223,97000
5224,121430
5225,37852
5226,123296
5227,125600
5228,128151
5229,11501
5230,120453
5231,90405
5232,37510
5233,124861
5234,97357
5235,6389
5236,74859
5237,42490
5238,77424
5239,71509
5240,111520
5241,91703
5242,116961
5243,57952
5244,71488
5245,27889
5246,15050
5247,44378
5248,61788
5249,59364
5250,89005
5251,61994
5252,114016
5253,44727
5254,82521
5255,89963
5256,10669
5257,69501
5258,13730
5259,102455
5260,76388
5261,124464
5262,112567
5263,125186
5264,124539
5265,32606
5266,24115
5267,2748
5268,38854
5269,33220
5270,31691
5271,71249
5272,120921
5273,93050
5274,60375
5275,6261
5276,60225
5277,112815
5278,102785
5279,46215
5280,76196
5281,29225
5282,86581
5283,113413
5284,52473
5285,18724
5286,65450
5287,94676
5288,30278
5289,43443
5290,23302
5291,80740
5292,108154
5293,79328
5294,81364
5295,14052
5296,70140
5297,40131
5298,32776
5299,98430
5300,91816
5301,73680
5302,108975
5303,92477
5304,75781
5305,100493
5306,51414
5307,15877
5308,46403
5309,20399
5310,41653
5311,112069
5312,89755
5313,79140
5314,91924
5315,31152
5316,76398
5317,54899
5318,4690
5319,102101
5320,50000
5321,30411
5322,39413
5323,71674
5324,67718
5325,33087
5326,60639
5327,106388
5328,110634
5329,68766
5330,129437
5331,103528
5332,36259
5333,83887
5334,86864
5335,38901
5336,112458
5337,125926
5338,2288
5339,56177
5340,94228
5341,125968
5342,117297
5343,12079
5344,88304
5345,100821
5346,109244
5347,1200
5348,26473
5349,14087
5350,126289
5351,94481
5352,70974
5353,36816
5354,114358
5355,57899
5356,72898
5357,35187
5358,87942
5359,98716
5360,36250
5361,81285
5362,84537
5363,121946
5364,32881
5365,102475
5366,129744
5367,102707
5368,130277
5369,41032
5370,36786
5371,93474
5372,123996
5373,36638
5374,116765
5375,27881
5376,40553
5377,88067
5378,108343
5379,14832
5380,52229
5381,82699
5382,28820
5383,106992
5384,66190
5385,94877
5386,29939
5387,107287
5388,94075
5389,27053
5390,124963
5391,124342
5392,97521
5393,118384
5394,10108
5395,53664
5396,85244
5397,34021
5398,38063
5399,33337
5400,124893
5401,29118
5402,85689
5403,109510
5404,3062
5405,120665
5406,3314
5407,63235
5408,41775
5409,22734
5410,14776
5411,9699
5412,70040
5413,12443
5414,86397
5415,32540
5416,56135
5417,48988
5418,60662
5419,55471
5420,6768
5421,1122
5422,102781
5423,65914
5424,26176
5425,78433
5426,126363
5427,13600
5428,55576
5429,18662
5430,40167
5431,5711
5432,25151
5433,95866
5434,90502
5435,79459
5436,96236
5437,102126
5438,17851
5439,44502
5440,119226
5441,69682
5442,43285
5443,64469
5444,80864
5445,96853
5446,127697
5447,24085
5448,30611
5449,111058
5450,10758
5451,67350
5452,17938
5453,64369
5454,79898
5455,51560
5456,128010
5457,10933
5458,89914
5459,1169
5460,128590
5461,45099
5462,708
5463,109775
5464,71363
5465,28392
5466,41199
5467,115030
5468,71638
5469,26747
5470,9028
5471,102887
5472,19645
5473,75044
5474,84667
5475,5336
5476,85277
5477,8721
5478,34058
5479,110587
5480,34326
5481,7708
5482,115609
5483,101112
5484,102220
5485,99899
5486,121771
5487,36159
5488,118097
5489,65927
5490,57830
5491,127204
5492,69993
5493,100012
5494,74046
5495,48642
5496,95551
5497,23544
5498,56212
5499,727
5500,96181
5501,48102
5502,95885
5503,104376
5504,32122
5505,50207
5506,112407
5507,59039
5508,43415
5509,69752
5510,125350
5511,47795
5512,85819
5513,81076
5514,33380
5515,57146
5516,113922
5517,60312
5518,125648
5519,56465
5520,14591
5521,105027
5522,102899
5523,106125
5524,104384
5525,65276
5526,50012
5527,18613
5528,79724
5529,27511
5530,111398
5531,104899
5532,3758
5533,114797
5534,87200
5535,118925
5536,79388
5537,114125
5538,66176
5539,84733
5540,47779
5541,95955
5542,37141
5543,112823
5544,7922
5545,24551
5546,35623
5547,33901
5548,1092
5549,15871
5550,12353
5551,56784
5552,4043
5553,128072
5554,128004
5555,121801
5556,45134
5557,47931
5558,44654
5559,91349
5560,87329
5561,83356
5562,86915
5563,79331
5564,45737
5565,23548
5566,115639
5567,102367
5568,45797
5569,93734
5570,126344
5571,38880
5572,70093
5573,39954
5574,80856
5575,91217
5576,123057
5577,127086
5578,48447
5579,27892
5580,75870
5581,68768
5582,64108
5583,2897
5584,21709
5585,86711
5586,97376
5587,101973
5588,3051
5589,91171
5590,101728
5591,124028
5592,81015
5593,126515
5594,69994
5595,16664
5596,1368
5597,45338
5598,58410
5599,25845
5600,83650
5601,130187
5602,24193
5603,34872
5604,23948
5605,8498
5606,42033
5607,45153
5608,116455
5609,117135
5610,30172
5611,43224
5612,43781
5613,92641
5614,16705
5615,58171
5616,68624
5617,31599
5618,113883
5619,115040
5620,127651
5621,109233
5622,119882
5623,96605
5624,109950
5625,124906
5626,39018
5627,60397
5628,103958
5629,123185
5630,126650
5631,71484
5632,15762
5633,20185
5634,90816
5635,9976
5636,92536
5637,76543
5638,4806
5639,42542
5640,70485
5641,60739
5642,22310
5643,124082
5644,33581
5645,64208
5646,1297
5647,61475
5648,94301
5649,16789
5650,8282
5651,77653
5652,120077
5653,8468
5654,73229
5655,46167
5656,110769
5657,54699
5658,100353
5659,112518
5660,10849
5661,35471
5662,66093
5663,11742
5664,80431
5665,99830
5666,68567
5667,99535
5668,126236
5669,72948
5670,15650
5671,53194
5672,69440
5673,85882
5674,5789
5675,41694
5676,4429
5677,121115
5678,85735
5679,69240
5680,27486
5681,32057
5682,72609
5683,114086
5684,81526
5685,63649
5686,112289
5687,15920
5688,10643
5689,121972
5690,106518
5691,67673
5692,9109
5693,788
5694,107914
5695,63223
5696,26475
5697,68636
5698,88167
5699,58172
5700,85281
5701,118893
5702,11266
5703,115948
5704,103718
5705,82894
5706,107387
5707,51154
5708,41786
5709,126728
5710,128108
5711,129031
5712,70390
5713,7327
5714,78447
5715,59004
5716,29794
5717,82224
5718,20589
5719,42560
5720,34924
5721,124091
5722,119453
5723,100706
5724,105644
5725,50867
5726,54606
5727,112437
5728,27302
5729,71419
5730,41726
5731,51949
5732,123818
5733,74382
5734,128420
5735,16444
5736,56757
5737,43820
5738,34403
5739,89668
5740,14529
5741,75744
5742,39441
5743,64027
5744,93475
5745,78660
5746,120524
5747,107532
5748,76328
5749,33097
5750,114414
5751,115410
5752,61479
5753,112159
5754,89421
5755,61824
5756,4981
5757,486
5758,67392
5759,115239
5760,37261
5761,114864
5762,8421
5763,95562
5764,35876
5765,7504
5766,14740
5767,47205
5768,128825
5769,68703
5770,104204
5771,127281
5772,74084
5773,45100
5774,66402
5775,45045
5776,25212
5777,544
5778,15281
5779,123718
5780,99647
5781,117793
5782,4396
5783,2147
5784,66790
5785,53909
5786,106363
5787,28986
5788,117797
5789,59523
5790,33321
5791,86680
5792,17635
5793,36555
5794,123338
5795,105729
5796,61002
5797,47365
5798,94028
5799,110485
5800,72494
5801,59544
5802,79823
5803,31011
5804,111704
5805,50160
5806,74320
5807,115346
5808,106295
5809,98543
5810,94024
5811,1133
5812,3248
5813,104061
5814,93641
5815,119801
5816,8547
5817,92058
5818,85781
5819,6484
5820,75146
5821,22134
5822,126226
5823,58030
5824,45047
5825,38272
5826,9056
5827,94260
5828,2993
5829,1098
5830,108545
5831,100356
5832,1949
5833,117318
5834,94716
5835,123389
5836,125093
5837,25305
5838,104924
5839,38456
5840,2698
5841,86558
5842,130309
5843,62420
5844,46639
5845,91449
5846,235
5847,13005
5848,77823
5849,110435
5850,20807
5851,61467
5852,124698
5853,32924
5854,2059
5855,41797
5856,80881
5857,91774
5858,22559
5859,8988
5860,40472
5861,21814
5862,32262
5863,94470
5864,39446
5865,19657
5866,115378
5867,72504
5868,14742
5869,86301
5870,54343
5871,104126
5872,25818
5873,15575
5874,53344
5875,109484
5876,58564
5877,21154
5878,79343
5879,52329
5880,39762
5881,85164
5882,3418
5883,54170
5884,70214
5885,123465
5886,122700
5887,28916
5888,1551
5889,92321
5890,7635
5891,57423
5892,49140
5893,54564
5894,95862
5895,17759
5896,47424
5897,123560
5898,82912
5899,117126
5900,91901
5901,111661
5902,10968
5903,87721
5904,75041
5905,117994
5906,52542
5907,129934
5908,113600
5909,44406
5910,8921
5911,20895
5912,61982
5913,59894
5914,121204
5915,89031
5916,124288
5917,7131
5918,126975
5919,13193
5920,122668
5921,19476
5922,76907
5923,2973
5924,34962
5925,52717
5926,31343
5927,13573
5928,61726
5929,17438
5930,54734
5931,130051
5932,57437
5933,119821
5934,84440
5935,92805
5936,77049
5937,52741
5938,34162
5939,114865
5940,92307
5941,128684
5942,184
5943,50627
5944,12074
5945,97615
5946,28264
5947,17193
5948,100229
5949,1213
5950,7667
5951,123634
5952,29158
5953,48700
5954,62892
5955,84745
5956,31860
5957,6524
5958,113619
5959,47293
5960,58625
5961,80061
5962,47555
5963,100475
5964,18866
5965,65296
5966,37920
5967,91741
5968,75460
5969,44256
5970,25463
5971,77683
5972,20928
5973,63293
5974,39144
5975,32698
5976,35862
5977,98642
5978,79490
5979,68579
5980,45766
5981,107011
5982,123983
5983,10991
5984,111976
5985,24814
5986,22446
5987,127131
5988,65709
5989,45541
5990,119912
5991,89092
5992,128805
5993,19822
5994,78731
5995,26995
5996,77950
5997,78402
5998,29452
5999,59787
6000,39776
6001,32629
6002,19676
6003,89316
6004,93981
6005,111083
6006,72743
6007,80463
6008,123382
6009,92901
6010,10972
6011,45470
6012,88487
6013,110418
6014,71953
6015,47734
6016,120804
6017,103500
6018,106709
6019,49710
6020,111253
6021,20041
6022,120738
6023,38797
6024,33051
6025,8764
6026,73601
6027,64220
6028,36528
6029,35229
6030,25108
6031,122063
6032,124840
6033,70340
6034,3490
6035,50436
6036,103357
6037,52600
6038,69407
6039,97671
6040,117067
6041,117781
6042,2231
6043,52972
6044,52221
6045,112115
6046,73711
6047,112440
6048,97384
6049,41771
6050,96761
6051,64194
6052,40310
6053,50898
6054,114323
6055,104101
6056,115128
6057,28178
6058,21924
6059,88373
6060,91704
6061,95250
6062,50078
6063,1696
6064,120289
6065,19169
6066,1411
6067,46497
6068,56478
6069,76148
6070,52677
6071,102182
6072,77921
6073,87077
6074,680
6075,113930
6076,32988
6077,110579
6078,54832
6079,66236
6080,29570
6081,97119
6082,54419
6083,88805
6084,15102
6085,6792
6086,8748
6087,80601
6088,69601
6089,112236
6090,103441
6091,42466
6092,46149
6093,108684
6094,53415
6095,112135
6096,127097
6097,45595
6098,30061
6099,33929
6100,96188
6101,42677
6102,82086
6103,30684
6104,99866
6105,117961
6106,5174
6107,67582
6108,29467
6109,12617
6110,49956
6111,36902
6112,89422
6113,47034
6114,128520
6115,30643
6116,55461
6117,93419
6118,39066
6119,2361
6120,31744
6121,5199
6122,55272
6123,118123
6124,51597
6125,128676
6126,103201
6127,67844
6128,102404
6129,106099
6130,115446
6131,42330
6132,21229
6133,53575
6134,35922
6135,42062
6136,39589
6137,51715
6138,44318
6139,54844
6140,99754
6141,95545
6142,87128
6143,48087
6144,67134
6145,47911
6146,71474
6147,42575
6148,62394
6149,66936
6150,53870
6151,79776
6152,104538
6153,75076
6154,127857
6155,82231
6156,96449
6157,63029
6158,78993
6159,126057
6160,128532
6161,21677
6162,3250
6163,40648
6164,119405
6165,96485
6166,122705
6167,49335
6168,31776
6169,11270
6170,113256
6171,17826
6172,79406
6173,75944
6174,41254
6175,69775
6176,123732
6177,24189
6178,79026
6179,76736
6180,71310
6181,65043
6182,63473
6183,10364
6184,101681
6185,56194
6186,4024
6187,124922
6188,26625
6189,96332
6190,51123
6191,114269
6192,43909
6193,34290
6194,111387
6195,123791
6196,31559
6197,79083
6198,45188
6199,67046
6200,6045
6201,101758
6202,56759
6203,102368
6204,72980
6205,33745
6206,44361
6207,126454
6208,49592
6209,48613
6210,86215
6211,44126
6212,55500
6213,114032
6214,62057
6215,96238
6216,95079
6217,9964
6218,52297
6219,115527
6220,81778
6221,26342
6222,1255
6223,99666
6224,66596
6225,34567
6226,23741
6227,1526
6228,115227
6229,108843
6230,122728
6231,77066
6232,19050
6233,59976
6234,59289
6235,11311
6236,126628
6237,122801
6238,65146
6239,116566
6240,84455
6241,17614
6242,129588
6243,44614
6244,26860
6245,68996
6246,46693
6247,95032
6248,57767
6249,83228
6250,19187
6251,105235
6252,119344
6253,35775
6254,102132
6255,10408
6256,50060
6257,90387
6258,54068
6259,64304
6260,126374
6261,43661
6262,65674
6263,9881
6264,92623
6265,101006
6266,63188
6267,79025
6268,102784
6269,1218
6270,97644
6271,112138
6272,31308
6273,115055
6274,83051
6275,129584
6276,94896
6277,34422
6278,114410
6279,36101
6280,109880
6281,63325
6282,1859
6283,112760
6284,116268
6285,113438
6286,61512
6287,113830
6288,75059
6289,121412
6290,13597
6291,56472
6292,108573
6293,108332
6294,15447
6295,7688
6296,48385
6297,113455
6298,2790
6299,71951
6300,54548
6301,37408
6302,19125
6303,36195
6304,44135
6305,41810
6306,5570
6307,54168
6308,84131
6309,67792
6310,126150
6311,64868
6312,67833
6313,106442
6314,36656
6315,42360
6316,97567
6317,76872
6318,74766
6319,58449
6320,83455
6321,45969
6322,113918
6323,10551
6324,13547
6325,58533
6326,22281
6327,40301
6328,43169
6329,75838
6330,83122
6331,78358
6332,83068
6333,109622
6334,44152
6335,23516
6336,104681
6337,30432
6338,105737
6339,101697
6340,100401
6341,42040
6342,99319
6343,648
6344,42940
6345,116
6346,90119
6347,82078
6348,129227
6349,109691
6350,73983
6351,25392
6352,98801
6353,6472
6354,129126
6355,129751
6356,82858
6357,107138
6358,9513
6359,98487
6360,61536
6361,17053
6362,112885
6363,74072
6364,15625
6365,7243
6366,66799
6367,98140
6368,63244
6369,32159
6370,31443
6371,103
6372,22834
6373,83849
6374,13433
6375,2272
6376,64943
6377,105279
6378,104975
6379,52274
6380,53749
6381,2557
6382,46169
6383,97507
6384,4172
6385,11630
6386,105825
6387,87560
6388,57931
6389,23551
6390,116279
6391,120452
6392,33547
6393,16075
6394,63146
6395,115945
6396,1460
6397,80691
6398,24381
6399,46662
6400,177
6401,63314
6402,70240
6403,4756
6404,114428
6405,116422
6406,43868
6407,74180
6408,85672
6409,35363
6410,115334
6411,29702
6412,63936
6413,72681
6414,50856
6415,22092
6416,85420
6417,98830
6418,43375
6419,39454
6420,111938
6421,68018
6422,119786
6423,113905
6424,9787
6425,98946
6426,95302
6427,107930
6428,11150
6429,118606
6430,115114
6431,30556
6432,27673
6433,24511
6434,83098
6435,42202
6436,96079
6437,31636
6438,63972
6439,74781
6440,41667
6441,15191
6442,28361
6443,19102
6444,61425
6445,88564
6446,43630
6447,122397
6448,85460
6449,124222
6450,39609
6451,63089
6452,22010
6453,58019
6454,36198
6455,4101
6456,95427
6457,78582
6458,84113
6459,90831
6460,118955
6461,95614
6462,88869
6463,104981
6464,92371
6465,66211
6466,82395
6467,75137
6468,21736
6469,69153
6470,122765
6471,60975
6472,47875
6473,48393
6474,96460
6475,91211
6476,51514
6477,29599
6478,92966
6479,41768
6480,59719
6481,27849
6482,118826
6483,49412
6484,44434
6485,85731
6486,91194
6487,28252
6488,130029
6489,22132
6490,78062
6491,84009
6492,34612
6493,41710
6494,39392
6495,87203
6496,101247
6497,16854
6498,15123
6499,64563
6500,48014
6501,22806
6502,29629
6503,118014
6504,26693
6505,101951
6506,119881
6507,60572
6508,49673
6509,95055
6510,29922
6511,37754
6512,51392
6513,123658
6514,75588
6515,40469
6516,32519
6517,6939
6518,126302
6519,30382
6520,39470
6521,9576
6522,55385
6523,57179
6524,27202
6525,62117
6526,57288
6527,90657
6528,47348
6529,79571
6530,18359
6531,108858
6532,18742
6533,69317
6534,52204
6535,106148
6536,46562
6537,59026
6538,11612
6539,111571
6540,87361
6541,25579
6542,8773
6543,60987
6544,87597
6545,94106
6546,26464
6547,7860
6548,9498
6549,37551
6550,33014
6551,88469
6552,1427
6553,124271
6554,85445
6555,39343
6556,10533
6557,88758
6558,119631
6559,18782
6560,116967
6561,59716
6562,107886
6563,85507
6564,122412
6565,86500
6566,33546
6567,103164
6568,63978
6569,60717
6570,77139
6571,96969
6572,56831
6573,96195
6574,113866
6575,86048
6576,99184
6577,5222
6578,55960
6579,36932
6580,117654
6581,17349
6582,37304
6583,10071
6584,3643
6585,116223
6586,80389
6587,58558
6588,65551
6589,71302
6590,113954
6591,128919
6592,58371
6593,66977
6594,58
6595,69052
6596,124775
6597,32530
6598,80786
6599,68653
6600,69171
6601,69865
6602,87783
6603,27585
6604,30794
6605,116157
6606,10227
6607,14318
6608,104445
6609,31534
6610,88897
6611,63470
6612,124107
6613,39586
6614,58695
6615,122031
6616,97651
6617,12727
6618,78038
6619,117729
6620,53151
6621,58797
6622,63563
6623,120644
6624,77530
6625,20102
6626,26745
6627,23684
6628,129374
6629,70381
6630,68746
6631,31390
6632,26095
6633,59826
6634,66295
6635,5123
6636,123781
6637,59021
6638,117191
6639,115326
6640,17025
6641,87437
6642,68320
6643,70815
6644,25770
6645,69134
6646,18193
6647,65681
6648,105446
6649,37479
6650,95017
6651,8882
6652,4275
6653,80516
6654,118262
6655,15589
6656,99812
6657,1555
6658,117295
6659,38128
6660,59859
6661,3573
6662,65003
6663,93498
6664,84778
6665,125961
6666,51171
6667,10254
6668,76532
6669,43202
6670,63769
6671,108232
6672,91819
6673,47272
6674,39017
6675,23927
6676,68770
6677,116586
6678,24309
6679,7165
6680,80701
6681,20277
6682,95415
6683,115903
6684,24899
6685,63207
6686,52853
6687,69170
6688,94632
6689,126527
6690,129595
6691,89589
6692,50795
6693,127300
6694,49181
6695,20413
6696,8331
6697,42088
6698,85427
6699,100160
6700,66161
6701,125532
6702,4241
6703,31137
6704,31861
6705,104025
6706,99896
6707,110242
6708,49691
6709,116557
6710,109956
6711,4896
6712,113053
6713,33997
6714,42264
6715,65811
6716,27692
6717,53874
6718,42308
6719,54140
6720,99815
6721,94445
6722,62859
6723,42284
6724,40749
6725,77983
6726,2574
6727,86837
6728,56277
6729,51483
6730,73089
6731,67024
6732,98063
6733,22237
6734,89653
6735,85225
6736,39048
6737,101712
6738,70184
6739,5609
6740,60461
6741,420
6742,20787
6743,65848
6744,53584
6745,45668
6746,108805
6747,89375
6748,58911
6749,61331
6750,99670
6751,68419
6752,65323
6753,4943
6754,43680
6755,111331
6756,3199
6757,26230
6758,34155
6759,11896
6760,108770
6761,106222
6762,107871
6763,72745
6764,129333
6765,48516
6766,100486
6767,125729
6768,60793
6769,81030
6770,97343
6771,27289
6772,66262
6773,29917
6774,116900
6775,30235
6776,127044
6777,116750
6778,52864
6779,70271
6780,77438
6781,10905
6782,4899
6783,63097
6784,86086
6785,40639
6786,103523
6787,17101
6788,94843
6789,53158
6790,73366
6791,117282
6792,44543
6793,111537
6794,1765
6795,27659
6796,29319
6797,9030
6798,127609
6799,105289
6800,45005
6801,38418
6802,122420
6803,37627
6804,7847
6805,123719
6806,3965
6807,122883
6808,13046
6809,38644
6810,69459
6811,110047
6812,6899
6813,124156
6814,76780
6815,40919
6816,38687
6817,96930
6818,24346
6819,92034
6820,11779
6821,128982
6822,66883
6823,113213
6824,115599
6825,9127
6826,109963
6827,53981
6828,54486
6829,47897
6830,123282
6831,75764
6832,9395
6833,91583
6834,59895
6835,44518
6836,106640
6837,26284
6838,31677
6839,63650
6840,128034
6841,78544
6842,64109
6843,114278
6844,89916
6845,62559
6846,55599
6847,73823
6848,128192
6849,21234
6850,27058
6851,15943
6852,54124
6853,784
6854,44014
6855,26579
6856,99429
6857,101546
6858,98082
6859,5401
6860,4924
6861,97362
6862,42618
6863,32319
6864,16216
6865,15584
6866,70255
6867,74544
6868,88312
6869,101199
6870,24536
6871,517
6872,130114
6873,793
6874,35487
6875,89478
6876,87240
6877,100503
6878,111573
6879,39451
6880,73560
6881,29129
6882,1152
6883,9412
6884,78619
6885,94524
6886,69016
6887,22061
6888,57314
6889,100228
6890,1847
6891,114187
6892,106612
6893,37490
6894,58955
6895,44873
6896,5156
6897,97932
6898,108209
6899,96571
6900,11478
6901,54275
6902,25693
6903,17427
6904,53417
6905,80961
6906,3986
6907,22928
6908,102620
6909,44240
6910,8108
6911,45519
6912,30614
6913,84869
6914,26493
6915,124088
6916,6695
6917,89718
6918,72351
6919,38913
6920,128626
6921,79193
6922,57204
6923,52931
6924,124155
6925,2303
6926,16588
6927,2914
6928,49301
6929,77684
6930,61636
6931,81940
6932,18828
6933,31692
6934,42087
6935,26185
6936,37322
6937,72820
6938,128472
6939,122282
6940,61897
6941,22460
6942,108348
6943,13156
6944,56893
6945,100283
6946,83463
6947,109440
6948,102764
6949,14186
6950,122807
6951,104862
6952,27968
6953,92515
6954,54977
6955,10730
6956,87638
6957,43007
6958,53544
6959,31583
6960,22077
6961,83286
6962,95332
6963,50714
6964,115419
6965,101628
6966,6455
6967,79738
6968,3589
6969,47509
6970,51956
6971,23719
6972,97995
6973,109825
6974,57887
6975,47187
6976,108042
6977,4880
6978,55747
6979,43536
6980,64670
6981,34572
6982,114693
6983,24481
6984,3211
6985,25154
6986,64192
6987,4740
6988,7265
6989,47791
6990,123619
6991,85110
6992,73281
6993,16852
6994,39473
6995,1491
6996,6487
6997,39565
6998,95211
6999,123352
7000,53866
7001,100275
7002,107683
7003,120575
7004,12931
7005,79010
7006,31023
7007,5955
7008,89680
7009,99788
7010,91718
7011,89763
7012,101076
7013,114064
7014,118028
7015,124397
7016,116235
7017,6678
7018,124913
7019,77701
7020,114880
7021,113901
7022,45700
7023,76322
7024,60681
7025,13211
7026,43936
7027,116767
7028,117237
7029,61568
7030,36977
7031,16170
7032,99995
7033,90637
7034,126494
7035,52471
7036,21203
7037,41279
7038,52548
7039,101635
7040,10349
7041,36674
7042,84308
7043,59872
7044,101899
7045,28711
7046,125299
7047,90373
7048,125765
7049,87802
7050,121063
7051,30149
7052,118798
7053,12981
7054,91569
7055,50432
7056,117827
7057,5470
7058,116380
7059,16285
7060,105134
7061,25846
7062,2005
7063,120113
7064,68533
7065,58266
7066,90963
7067,125856
7068,19490
7069,99262
7070,83645
7071,3134
7072,120828
7073,6984
7074,82019
7075,31671
7076,31221
7077,71201
7078,5762
7079,113481
7080,54605
7081,47522
7082,21718
7083,115062
7084,108822
7085,53244
7086,31566
7087,116023
7088,107665
7089,129653
7090,33133
7091,54554
7092,75184
7093,44333
7094,9199
7095,39847
7096,10247
7097,95891
7098,126401
7099,111395
7100,104734
7101,90558
7102,121703
7103,49218
7104,39574
7105,54205
7106,96615
7107,121730
7108,25192
7109,16314
7110,84966
7111,86623
7112,126839
7113,13657
7114,13082
7115,93416
7116,83326
7117,59146
7118,28499
7119,119350
7120,8850
7121,41926
7122,94992
7123,116255
7124,79464
7125,11235
7126,91581
7127,91326
7128,36337
7129,128390
7130,112565
7131,30604
7132,34694
7133,95068
7134,15073
7135,58615
7136,16134
7137,119220
7138,69298
7139,119138
7140,99514
7141,86267
7142,48563
7143,9911
7144,74511
7145,80908
7146,37145
7147,84099
7148,103162
7149,106502
7150,2903
7151,46862
7152,74923
7153,129226
7154,107702
7155,73438
7156,106890
7157,81658
7158,26054
7159,105220
7160,39509
7161,30402
7162,2070
7163,249
7164,2317
7165,87212
7166,11919
7167,92576
7168,103101
7169,107506
7170,77710
7171,68372
7172,70520
7173,50598
7174,128408
7175,82451
7176,79629
7177,6168
7178,45054
7179,36370
7180,39595
7181,35070
7182,1470
7183,109671
7184,56745
7185,102848
7186,88732
7187,27333
7188,10300
7189,36515
7190,24701
7191,26728
7192,23406
7193,29315
7194,120343
7195,48612
7196,10024
7197,76896
7198,69762
7199,97526
7200,59987
7201,63726
7202,61922
7203,41835
7204,62374
7205,109907
7206,51871
7207,60075
7208,589
7209,55957
7210,57483
7211,109090
7212,23231
7213,104230
7214,121170
7215,75618
7216,39669
7217,58377
7218,97114
7219,130225
7220,44164
7221,25880
7222,53615
7223,50949
7224,41389
7225,118413
7226,78748
7227,102749
7228,12477
7229,91388
7230,34906
7231,59092
7232,46761
7233,63572
7234,82253
7235,58057
7236,122576
7237,129406
7238,72639
7239,75362
7240,2325
7241,8219
7242,102755
7243,1102
7244,86999
7245,64426
7246,15460
7247,28527
7248,47408
7249,32215
7250,48966
7251,55837
7252,107484
7253,129117
7254,17171
7255,22911
7256,123709
7257,116064
7258,2199
7259,23042
7260,48143
7261,86282
7262,123830
7263,128429
7264,100467
7265,37206
7266,111598
7267,119723
7268,58602
7269,64871
7270,127786
7271,23777
7272,119758
7273,77322
7274,890
7275,49657
7276,116952
7277,43979
7278,119313
7279,22504
7280,70115
7281,45391
7282,72009
7283,112352
7284,103539
7285,4330
7286,6440
7287,11614
7288,128468
7289,114351
7290,50235
7291,124975
7292,67157
7293,118416
7294,58074
7295,80518
7296,12891
7297,23043
7298,60729
7299,7735
7300,27893
7301,85634
7302,68177
7303,90240
7304,92434
7305,57332
7306,73957
7307,123646
7308,126284
7309,40778
7310,71004
7311,76728
7312,44077
7313,55662
7314,14519
7315,31941
7316,39008
7317,120474
7318,89871
7319,10394
7320,54064
7321,102411
7322,51647
7323,21721
7324,21840
7325,4767
7326,109697
7327,31485
7328,78428
7329,67597
7330,12821
7331,117454
7332,20228
7333,92955
7334,33141
7335,4929
7336,99509
7337,75009
7338,16775
7339,126724
7340,88961
7341,93378
7342,67666
7343,60235
7344,126456
7345,68871
7346,126334
7347,83565
7348,78300
7349,36129
7350,51395
7351,112699
7352,11640
7353,2083
7354,1065
7355,81224
7356,83392
7357,117142
7358,57395
7359,22154
7360,110366
7361,41829
7362,104432
7363,33004
7364,51454
7365,69920
7366,53746
7367,84820
7368,104843
7369,68488
7370,85892
7371,129864
7372,99663
7373,58850
7374,92792
7375,92237
7376,68381
7377,1134
7378,127518
7379,69197
7380,47620
7381,39666
7382,51624
7383,77638
7384,48001
7385,34830
7386,34377
7387,117527
7388,16280
7389,44382
7390,34121
7391,81536
7392,105862
7393,10478
7394,485
7395,75786
7396,59752
7397,101026
7398,99066
7399,58173
7400,51526
7401,106235
7402,18790
7403,53793
7404,50670
7405,29043
7406,3381
7407,84371
7408,49789
7409,10068
7410,7601
7411,89736
7412,6784
7413,50052
7414,37617
7415,62867
7416,74229
7417,93702
7418,80931
7419,115839
7420,5120
7421,52425
7422,118528
7423,4118
7424,20519
7425,119243
7426,65093
7427,115335
7428,98903
7429,24533
7430,9042
7431,76973
7432,28982
7433,57303
7434,106610
7435,103625
7436,4014
7437,28833
7438,312
7439,36210
7440,92968
7441,20616
7442,61904
7443,37697
7444,91496
7445,119043
7446,59670
7447,12773
7448,8896
7449,114964
7450,70531
7451,36325
7452,67445
7453,105457
7454,18065
7455,121305
7456,51041
7457,55248
7458,36054
7459,124027
7460,108435
7461,64177
7462,70764
7463,27858
7464,44723
7465,93096
7466,42827
7467,1967
7468,26455
7469,110355
7470,24086
7471,96056
7472,80380
7473,45484
7474,64286
7475,98493
7476,101645
7477,35757
7478,65400
7479,88214
7480,11808
7481,3086
7482,76208
7483,41425
7484,8410
7485,51379
7486,123347
7487,92775
7488,64413
7489,69981
7490,74264
7491,37205
7492,36183
7493,69881
7494,113642
7495,56822
7496,93989
7497,113480
7498,110203
7499,70572
7500,103408
7501,35932
7502,44535
7503,19700
7504,99677
7505,109050
7506,90569
7507,17242
7508,14308
7509,93871
7510,29894
7511,103702
7512,31423
7513,88739
7514,3493
7515,41910
7516,11857
7517,30706
7518,107650
7519,37456
7520,63201
7521,94160
7522,2999
7523,89728
7524,90526
7525,32112
7526,102241
7527,127716
7528,87801
7529,110255
7530,68863
7531,2065
7532,52333
7533,83756
7534,107423
7535,83584
7536,88718
7537,111093
7538,70077
7539,127512
7540,91762
7541,49787
7542,114106
7543,72147
7544,29353
7545,61761
7546,97447
7547,126662
7548,118358
7549,80723
7550,123333
7551,37385
7552,77112
7553,3385
7554,97796
7555,123636
7556,21241
7557,112026
7558,34297
7559,62202
7560,124041
7561,77294
7562,106611
7563,14346
7564,84935
7565,57051
7566,53969
7567,128968
7568,30240
7569,85563
7570,83743
7571,83564
7572,91065
7573,59737
7574,66474
7575,32425
7576,101356
7577,21600
7578,100519
7579,7051
7580,62905
7581,66261
7582,94616
7583,5398
7584,125555
7585,18348
7586,126836
7587,2770
7588,20907
7589,79757
7590,112819
7591,46992
7592,20725
7593,108611
7594,26662
7595,96661
7596,5391
7597,82711
7598,37809
7599,30452
7600,120829
7601,4311
7602,47108
7603,6238
7604,23131
7605,115515
7606,114202
7607,116855
7608,45276
7609,40565
7610,37790
7611,8804
7612,83765
7613,70006
7614,64031
7615,78365
7616,122154
7617,99834
7618,104208
7619,100094
7620,24371
7621,125353
7622,17669
7623,6780
7624,31718
7625,57606
7626,51393
7627,85635
7628,114706
7629,17599
7630,57673
7631,32673
7632,25932
7633,52330
7634,15957
7635,74112
7636,79481
7637,114012
7638,118042
7639,58352
7640,37327
7641,43366
7642,13659
7643,42055
7644,8848
7645,22292
7646,44227
7647,54559
7648,87571
7649,62766
7650,15921
7651,27901
7652,61154
7653,28301
7654,23010
7655,82545
7656,92793
7657,16404
7658,77501
7659,86865
7660,74730
7661,62125
7662,113810
7663,33841
7664,81936
7665,43246
7666,79581
7667,84325
7668,11508
7669,118785
7670,96557
7671,112413
7672,82624
7673,9738
7674,49299
7675,118193
7676,93894
7677,58525
7678,84230
7679,77277
7680,99242
7681,36865
7682,13630
7683,33355
7684,102670
7685,3017
7686,107392
7687,73228
7688,97933
7689,40424
7690,70956
7691,128329
7692,53941
7693,47494
7694,16106
7695,65686
7696,64999
7697,129562
7698,84867
7699,44038
7700,111145
7701,97733
7702,67879
7703,46512
7704,12300
7705,6904
7706,94183
7707,33400
7708,56958
7709,39817
7710,76888
7711,68635
7712,53100
7713,18747
7714,25017
7715,57267
7716,75720
7717,77734
7718,24319
7719,27969
7720,17987
7721,105656
7722,72364
7723,19173
7724,116688
7725,12805
7726,115847
7727,36661
7728,82453
7729,66981
7730,78967
7731,118988
7732,129020
7733,85570
7734,97037
7735,27919
7736,94631
7737,8823
7738,111055
7739,89449
7740,63238
7741,91938
7742,17607
7743,27233
7744,61841
7745,82775
7746,64471
7747,84123
7748,18353
7749,128523
7750,91454
7751,47254
7752,104028
7753,61916
7754,90204
7755,119963
7756,31859
7757,97055
7758,74073
7759,108265
7760,111890
7761,122581
7762,95915
7763,41754
7764,3216
7765,71827
7766,38087
7767,12290
7768,48569
7769,8169
7770,93713
7771,46341
7772,130269
7773,80711
7774,17354
7775,44946
7776,128829
7777,54166
7778,127055
7779,75307
7780,32573
7781,97215
7782,78036
7783,22923
7784,125470
7785,87120
7786,10412
7787,8503
7788,94463
7789,6028
7790,85756
7791,33618
7792,32392
7793,32564
7794,64386
7795,31478
7796,13798
7797,83039
7798,88068
7799,128990
7800,4718
7801,39516
7802,111915
7803,22776
7804,129404
7805,70803
7806,80853
7807,20678
7808,20736
7809,107893
7810,108708
7811,6906
7812,20496
7813,119748
7814,6193
7815,68149
7816,128294
7817,58404
7818,87719
7819,117956
7820,41975
7821,91369
7822,13177
7823,74639
7824,71896
7825,101751
7826,119593
7827,43918
7828,115540
7829,8579
7830,1394
7831,108649
7832,14167
7833,38273
7834,120675
7835,71126
7836,118141
7837,75232
7838,28971
7839,28475
7840,41634
7841,104413
7842,119759
7843,38674
7844,54887
7845,94873
7846,86703
7847,26365
7848,27823
7849,64624
7850,19662
7851,57696
7852,121295
7853,76814
7854,22548
7855,92813
7856,122954
7857,10264
7858,124307
7859,85939
7860,18254
7861,22711
7862,111586
7863,4207
7864,86752
7865,52110
7866,70258
7867,701
7868,9335
7869,115671
7870,80609
7871,6771
7872,51276
7873,22298
7874,44397
7875,5847
7876,64054
7877,14172
7878,54568
7879,129679
7880,51385
7881,285
7882,48200
7883,126138
7884,3345
7885,24465
7886,10952
7887,5467
7888,119299
7889,25357
7890,84554
7891,5582
7892,63210
7893,89636
7894,84270
7895,33423
7896,102410
7897,49485
7898,37487
7899,79546
7900,25181
7901,109879
7902,96398
7903,8672
7904,18907
7905,83855
7906,112511
7907,121268
7908,102247
7909,94585
7910,116951
7911,49217
7912,90586
7913,126968
7914,40804
7915,19630
7916,14437
7917,111436
7918,43900
7919,92605
7920,49024
7921,39582
7922,91040
7923,32562
7924,96324
7925,25045
7926,74787
7927,16815
7928,103455
7929,89780
7930,31942
7931,34782
7932,65999
7933,130346
7934,98364
7935,5634
7936,85943
7937,87259
7938,38930
7939,86152
7940,20887
7941,2400
7942,58106
7943,61919
7944,63520
7945,114785
7946,116370
7947,19775
7948,104794
7949,59744
7950,54199
7951,73470
7952,59059
7953,52302
7954,6011
7955,3778
7956,121978
7957,27565
7958,28558
7959,108204
7960,102868
7961,10902
7962,45219
7963,4967
7964,127166
7965,73322
7966,31810
7967,5859
7968,75397
7969,94530
7970,78718
7971,102920
7972,19802
7973,106274
7974,60930
7975,42703
7976,51382
7977,106154
7978,49847
7979,87797
7980,91002
7981,75074
7982,49262
7983,112896
7984,103605
7985,85127
7986,116943
7987,48854
7988,13579
7989,28573
7990,115151
7991,60199
7992,110288
7993,22093
7994,58111
7995,92743
7996,86948
7997,67814
7998,107457
7999,47633
