rank0,csv_row_index0,working_index0
0,50998,21726
1,77790,32976
2,86313,36626
3,42378,18102
4,104375,44150
5,89515,37882
6,23604,10112
7,106539,45090
8,76343,32370
9,12524,5406
10,57044,24242
11,82148,34864
12,119939,50857
13,84994,36069
14,125605,53334
15,42287,18060
16,47289,20162
17,44636,19067
18,94767,40111
19,44269,18897
20,28668,12249
21,27879,11915
22,44244,18887
23,113558,48128
24,40713,17387
25,113885,48258
26,78108,33123
27,68315,29012
28,98329,41627
29,69610,29553
30,15931,6861
31,84335,35786
32,94977,40201
33,48900,20845
34,154,70
35,36291,15522
36,121464,51505
37,48644,20741
38,82444,34988
39,84919,36034
40,123764,52525
41,16818,7237
42,121996,51738
43,121350,51453
44,80417,34091
45,98617,41753
46,55089,23424
47,48822,20805
48,59613,25300
49,72360,30717
50,61696,26202
51,79338,33626
52,57514,24430
53,86605,36736
54,83946,35639
55,108689,46025
56,5575,2420
57,31445,13455
58,36891,15783
59,125033,53085
60,88201,37355
61,28230,12073
62,5270,2300
63,10600,4588
64,28439,12165
65,123022,52172
66,89460,37864
67,95165,40288
68,81192,34445
69,20746,8903
70,53911,22927
71,94311,39920
72,63255,26851
73,62004,26341
74,63488,26942
75,106357,45002
76,73573,31217
77,100845,42702
78,80470,34120
79,128841,54695
80,22408,9589
81,6907,3045
82,93455,39547
83,54289,23086
84,114455,48492
85,122986,52157
86,1193,497
87,107208,45387
88,135,61
89,95059,40242
90,119508,50658
91,75604,32072
92,46747,19918
93,78363,33227
94,89570,37903
95,35118,15045
96,97471,41245
97,17596,7565
98,118919,50413
99,95588,40451
100,56041,23825
101,55929,23780
102,71265,30271
103,71681,30437
104,119439,50628
105,63794,27082
106,36235,15496
107,80673,34222
108,118286,50152
109,85661,36354
110,129786,55092
111,124566,52886
112,124109,52684
113,70632,29996
114,111424,47180
115,77260,32734
116,66636,28296
117,22322,9557
118,44399,18955
119,44973,19207
120,36585,15649
121,19147,8200
122,41716,17816
123,6588,2909
124,77358,32778
125,27914,11931
126,37215,15927
127,115952,49150
128,91950,38933
129,62110,26384
130,89670,37942
131,70860,30090
132,40407,17249
133,127712,54234
134,92618,39212
135,75341,31955
136,34972,14985
137,13628,5878
138,85029,36078
139,17866,7675
140,65824,27948
141,112534,47704
142,101246,42863
143,114077,48339
144,105378,44588
145,20016,8572
146,35608,15255
147,24870,10652
148,27510,11759
149,18636,8000
150,107248,45406
151,40153,17156
152,72370,30721
153,120381,51043
154,108554,45966
155,19937,8544
156,60185,25553
157,80404,34085
158,23617,10120
159,71414,30326
160,56859,24170
161,6564,2901
162,78235,33180
163,29854,12774
164,63651,27015
165,52073,22172
166,112264,47577
167,56862,24171
168,56372,23964
169,39307,16805
170,44939,19189
171,59513,25264
172,104620,44262
173,30720,13140
174,72714,30872
175,37452,16031
176,49849,21253
177,13422,5784
178,101641,43013
179,8970,3877
180,18202,7821
181,118084,50056
182,27441,11730
183,71379,30315
184,102730,43462
185,116642,49437
186,30104,12884
187,57319,24343
188,96143,40674
189,79430,33668
190,112298,47593
191,45087,19251
192,108120,45772
193,74374,31557
194,114549,48528
195,94742,40099
196,117132,49645
197,66563,28264
198,1025,421
199,96868,41001
200,6296,2770
201,13139,5666
202,96370,40768
203,105172,44498
204,104387,44156
205,55557,23622
206,67334,28588
207,110665,46868
208,42682,18234
209,80993,34368
210,84332,35784
211,120537,51115
212,130258,55286
213,102039,43177
214,77365,32781
215,89180,37769
216,61048,25911
217,26369,11281
218,34812,14914
219,121128,51357
220,9896,4277
221,106311,44985
222,19627,8413
223,49098,20927
224,107394,45468
225,37777,16171
226,65599,27851
227,99069,41929
228,41095,17548
229,31623,13533
230,73949,31373
231,101763,43069
232,31461,13464
233,129234,54862
234,63130,26802
235,20326,8706
236,7938,3454
237,72666,30851
238,28038,11992
239,125203,53152
240,123821,52556
241,115513,48967
242,80653,34210
243,100591,42598
244,119006,50453
245,120564,51133
246,64719,27470
247,63212,26836
248,129197,54840
249,122175,51814
250,113270,48010
251,129010,54759
252,116473,49363
253,26914,11523
254,99135,41953
255,83009,35221
256,60294,25592
257,109095,46202
258,121983,51731
259,10672,4625
260,8843,3822
261,109058,46185
262,80520,34147
263,29975,12830
264,55733,23699
265,100800,42681
266,81633,34636
267,80936,34343
268,121434,51493
269,119345,50591
270,70049,29747
271,39999,17093
272,6893,3035
273,120532,51112
274,69612,29555
275,94749,40103
276,124382,52801
277,122506,51943
278,90149,38147
279,69329,29435
280,64869,27541
281,45346,19363
282,9815,4245
283,123953,52613
284,113506,48102
285,64411,27342
286,62461,26524
287,77372,32784
288,117520,49811
289,18639,8001
290,61730,26221
291,49346,21028
292,50843,21663
293,18387,7903
294,76912,32593
295,127860,54286
296,122559,51969
297,31835,13629
298,107080,45326
299,118766,50343
300,6997,3090
301,23512,10065
302,95188,40296
303,107719,45606
304,61166,25963
305,68581,29141
306,3596,1582
307,104952,44405
308,46492,19812
309,85250,36174
310,91893,38910
311,55464,23580
312,82007,34801
313,85816,36419
314,110384,46738
315,114286,48426
316,121609,51567
317,112552,47712
318,124735,52959
319,40329,17218
320,57625,24474
321,83083,35253
322,45614,19463
323,79,34
324,35241,15098
325,8117,3523
326,113644,48164
327,20369,8729
328,88121,37321
329,11210,4859
330,83131,35276
331,57521,24434
332,83758,35552
333,92517,39162
334,15295,6591
335,97466,41243
336,1647,706
337,35614,15257
338,97444,41234
339,42919,18329
340,112067,47474
341,21126,9061
342,65621,27860
343,80732,34248
344,99447,42082
345,52010,22145
346,39698,16966
347,4498,1974
348,53351,22684
349,98492,41700
350,3268,1432
351,7250,3186
352,88233,37367
353,28366,12127
354,49464,21081
355,111960,47429
356,49679,21174
357,69065,29336
358,4514,1978
359,69408,29467
360,102738,43465
361,3765,1648
362,77306,32758
363,62711,26627
364,110931,46982
365,53518,22761
366,101694,43036
367,11333,4914
368,61018,25896
369,79846,33844
370,23300,9973
371,48955,20871
372,81662,34653
373,115414,48923
374,24586,10523
375,3026,1324
376,47768,20349
377,53550,22777
378,116085,49199
379,12179,5251
380,108259,45840
381,108947,46138
382,32191,13808
383,97374,41207
384,122941,52140
385,21439,9190
386,15391,6630
387,114517,48517
388,100921,42727
389,100838,42697
390,62857,26686
391,28001,11973
392,64690,27458
393,59761,25365
394,98864,41846
395,48377,20627
396,62360,26487
397,70352,29873
398,68880,29259
399,15587,6710
400,94215,39871
401,73614,31237
402,83683,35522
403,93658,39636
404,69185,29382
405,72098,30611
406,71204,30243
407,75513,32030
408,25164,10771
409,41217,17597
410,113991,48302
411,46255,19724
412,35853,15351
413,123794,52540
414,110308,46704
415,129,59
416,4335,1895
417,101693,43035
418,57500,24424
419,84973,36058
420,107680,45591
421,28125,12030
422,16295,7008
423,88582,37505
424,85305,36195
425,83537,35459
426,12646,5462
427,114975,48730
428,25386,10862
429,41099,17551
430,9415,4073
431,50305,21453
432,115688,49054
433,126757,53827
434,43398,18539
435,5594,2432
436,10630,4605
437,110657,46864
438,104357,44144
439,57076,24254
440,70009,29727
441,101271,42873
442,34206,14644
443,89069,37725
444,20860,8955
445,3800,1668
446,102470,43357
447,33750,14474
448,5712,2487
449,108234,45830
450,80471,34121
451,93771,39681
452,113263,48008
453,64028,27178
454,101416,42920
455,68670,29177
456,9260,4002
457,73232,31082
458,71420,30329
459,91214,38605
460,51220,21819
461,10969,4756
462,1173,489
463,91667,38818
464,41660,17790
465,92704,39246
466,92817,39300
467,13633,5882
468,91391,38699
469,47478,20237
470,54037,22983
471,21596,9258
472,54997,23389
473,127764,54253
474,122678,52021
475,20353,8720
476,62941,26726
477,22666,9695
478,39384,16835
479,124148,52706
480,78207,33167
481,49526,21107
482,41236,17604
483,119548,50679
484,53582,22786
485,40716,17389
486,42914,18327
487,79501,33700
488,55531,23611
489,94412,39966
490,22968,9833
491,48607,20720
492,85238,36163
493,93555,39596
494,81686,34665
495,22764,9737
496,86681,36765
497,128301,54472
498,63487,26941
499,76803,32549
500,5323,2318
501,95441,40397
502,16048,6908
503,81543,34603
504,64186,27246
505,107775,45627
506,118790,50352
507,26595,11383
508,99963,42302
509,40453,17271
510,94946,40185
511,23046,9868
512,22151,9482
513,77484,32835
514,3673,1610
515,68450,29077
516,95877,40558
517,85653,36352
518,66731,28339
519,83277,35352
520,24616,10541
521,113713,48195
522,102592,43401
523,38516,16487
524,38220,16365
525,110361,46725
526,23526,10069
527,111991,47442
528,33868,14514
529,51947,22125
530,12989,5596
531,10656,4617
532,98049,41501
533,111320,47142
534,65773,27924
535,14367,6195
536,123103,52211
537,126979,53924
538,46387,19778
539,26226,11215
540,31065,13298
541,105334,44570
542,55448,23573
543,125894,53448
544,87100,36923
545,5748,2506
546,66310,28147
547,62758,26647
548,61803,26249
549,69494,29504
550,29836,12766
551,64391,27329
552,116886,49540
553,51522,21953
554,57930,24599
555,9740,4212
556,128995,54755
557,66228,28109
558,63702,27038
559,104235,44095
560,9070,3921
561,50253,21430
562,70151,29790
563,28611,12231
564,23050,9870
565,108210,45815
566,22484,9621
567,55832,23735
568,125660,53356
569,2611,1130
570,38210,16360
571,2690,1161
572,114357,48453
573,86107,36544
574,123009,52166
575,34503,14775
576,448,187
577,37941,16243
578,115626,49025
579,101759,43068
580,96717,40932
581,50066,21356
582,82355,34951
583,65695,27892
584,34163,14626
585,83865,35610
586,36277,15515
587,87708,37162
588,9540,4129
589,44865,19163
590,21103,9052
591,74969,31791
592,95755,40509
593,121560,51554
594,8316,3599
595,69433,29473
596,4445,1952
597,120933,51284
598,71925,30539
599,19119,8189
600,48254,20571
601,129221,54853
602,122092,51775
603,85870,36449
604,105191,44505
605,117850,49954
606,41848,17870
607,24229,10380
608,69415,29470
609,38329,16410
610,118864,50389
611,107851,45658
612,10986,4763
613,88562,37495
614,9376,4054
615,94266,39896
616,112591,47733
617,10532,4553
618,21750,9324
619,10582,4580
620,63241,26847
621,59226,25143
622,72176,30643
623,40637,17349
624,6182,2718
625,39644,16940
626,67528,28677
627,9272,4003
628,92903,39335
629,32779,14045
630,14294,6164
631,98853,41839
632,74725,31703
633,44481,18998
634,17932,7706
635,102947,43554
636,14904,6425
637,32848,14076
638,54250,23066
639,48076,20478
640,107318,45437
641,98343,41634
642,124310,52778
643,26423,11299
644,20916,8981
645,57053,24248
646,29213,12485
647,39381,16834
648,27606,11793
649,128026,54356
650,12828,5530
651,107127,45352
652,101721,43054
653,98403,41662
654,99656,42171
655,79627,33752
656,2736,1181
657,18891,8096
658,44133,18844
659,13435,5789
660,19680,8438
661,64725,27474
662,124062,52664
663,49105,20929
664,127346,54069
665,25158,10768
666,70976,30147
667,25048,10728
668,29136,12452
669,50862,21672
670,41600,17764
671,46199,19699
672,90073,38119
673,129001,54756
674,33498,14370
675,98144,41548
676,76961,32609
677,8677,3745
678,108027,45738
679,829,356
680,115171,48815
681,75950,32207
682,90878,38454
683,47418,20211
684,125771,53397
685,129104,54802
686,56243,23908
687,34757,14890
688,75590,32067
689,103108,43619
690,1485,642
691,2011,866
692,11100,4815
693,29542,12626
694,19525,8360
695,129551,54983
696,96959,41040
697,76200,32322
698,41040,17531
699,31656,13546
700,92049,38973
701,73365,31133
702,38140,16328
703,104684,44295
704,33569,14403
705,15873,6832
706,130427,55373
707,113672,48176
708,220,102
709,19654,8426
710,55505,23598
711,24802,10623
712,96439,40801
713,79330,33622
714,3599,1583
715,125457,53274
716,43753,18676
717,79384,33646
718,85973,36489
719,117740,49905
720,65184,27682
721,71457,30340
722,130337,55332
723,44888,19175
724,126470,53690
725,18331,7877
726,63005,26753
727,46444,19796
728,40633,17346
729,128890,54717
730,108735,46042
731,80171,33978
732,91897,38911
733,114046,48325
734,33172,14228
735,6040,2642
736,42666,18224
737,10200,4408
738,78449,33270
739,27275,11659
740,16255,6986
741,15601,6719
742,93069,39397
743,106094,44891
744,95434,40391
745,87565,37107
746,80716,34240
747,67638,28725
748,19310,8273
749,1378,590
750,98508,41708
751,46842,19966
752,7454,3271
753,32840,14074
754,77045,32642
755,23346,9997
756,79279,33598
757,64714,27468
758,12109,5226
759,99856,42257
760,121373,51465
761,106205,44940
762,60337,25611
763,34697,14865
764,43570,18609
765,7372,3240
766,26076,11163
767,30233,12940
768,20869,8959
769,114206,48395
770,44616,19059
771,76423,32407
772,105251,44535
773,67656,28734
774,40869,17459
775,101750,43064
776,14484,6241
777,56563,24050
778,84788,35979
779,48624,20731
780,53249,22635
781,121714,51608
782,12383,5337
783,52417,22315
784,73243,31090
785,107924,45694
786,77420,32805
787,66807,28374
788,48450,20663
789,4331,1892
790,17063,7344
791,108091,45761
792,82855,35156
793,47218,20142
794,112987,47899
795,94347,39935
796,96845,40987
797,7205,3168
798,84388,35810
799,40575,17323
800,72641,30837
801,47687,20323
802,7919,3448
803,56813,24151
804,37142,15893
805,103071,43603
806,129457,54944
807,102800,43494
808,16046,6907
809,51251,21831
810,8507,3683
811,54635,23229
812,114552,48529
813,27116,11603
814,94852,40143
815,81682,34663
816,53482,22742
817,64713,27467
818,44085,18817
819,16557,7124
820,1156,481
821,88357,37419
822,77231,32722
823,65440,27788
824,96602,40874
825,110866,46952
826,106793,45204
827,62304,26461
828,122862,52100
829,35919,15379
830,128099,54393
831,119561,50685
832,453,191
833,119850,50818
834,8180,3549
835,61833,26260
836,64870,27542
837,91331,38661
838,124997,53071
839,112833,47834
840,78592,33321
841,31816,13618
842,8810,3804
843,47200,20137
844,67284,28569
845,45694,19492
846,101964,43148
847,75982,32219
848,60220,25566
849,79949,33883
850,17677,7595
851,128122,54403
852,115002,48741
853,99555,42125
854,66255,28122
855,125836,53422
856,42398,18115
857,21958,9399
858,84212,35734
859,85101,36106
860,85214,36152
861,105836,44784
862,79043,33499
863,9771,4226
864,92145,39018
865,73488,31174
866,25488,10905
867,107460,45499
868,35385,15155
869,6325,2784
870,22156,9486
871,97239,41153
872,99692,42182
873,115337,48888
874,35080,15032
875,63362,26891
876,93750,39673
877,23779,10190
878,112,49
879,77508,32849
880,29103,12435
881,4317,1885
882,115376,48906
883,77892,33024
884,53937,22938
885,111742,47322
886,99998,42313
887,65862,27962
888,116718,49470
889,38958,16649
890,66356,28166
891,8636,3731
892,116041,49179
893,48144,20513
894,50925,21698
895,91642,38806
896,28615,12233
897,125689,53367
898,34579,14809
899,68230,28978
900,120631,51160
901,10499,4541
902,65830,27949
903,77296,32753
904,13154,5673
905,90845,38440
906,36821,15749
907,46735,19915
908,90995,38506
909,71606,30408
910,74139,31456
911,3004,1312
912,71850,30501
913,80216,33995
914,76452,32418
915,88259,37375
916,102389,43321
917,43205,18448
918,26253,11227
919,41877,17881
920,34807,14911
921,22459,9608
922,9820,4248
923,108836,46084
924,106339,44995
925,75208,31898
926,98973,41896
927,71875,30514
928,108502,45941
929,117441,49771
930,77381,32787
931,43531,18595
932,39896,17054
933,16074,6917
934,76368,32380
935,126270,53610
936,105983,44845
937,100494,42540
938,41541,17740
939,66843,28389
940,32789,14049
941,125310,53209
942,107104,45341
943,127610,54179
944,2154,924
945,123565,52434
946,93099,39407
947,90262,38191
948,101620,43002
949,50461,21513
950,100111,42365
951,114346,48447
952,3049,1340
953,64353,27313
954,4693,2054
955,43241,18465
956,63625,27001
957,125022,53079
958,83679,35520
959,120830,51242
960,58522,24851
961,32393,13893
962,65424,27780
963,63627,27002
964,51711,22031
965,28780,12295
966,125520,53300
967,19161,8206
968,113418,48071
969,67303,28574
970,88726,37572
971,1729,748
972,28309,12107
973,6180,2716
974,17407,7477
975,73081,31018
976,11338,4915
977,6898,3037
978,111388,47168
979,109839,46504
980,18345,7883
981,52962,22532
982,99129,41949
983,41553,17745
984,111921,47401
985,66085,28053
986,75975,32217
987,64694,27461
988,8009,3485
989,81668,34656
990,69672,29581
991,3897,1708
992,97273,41166
993,74475,31600
994,58641,24900
995,13160,5676
996,53215,22623
997,66004,28022
998,56321,23939
999,108138,45782
1000,78085,33112
1001,77353,32774
1002,123566,52435
1003,21762,9327
1004,101063,42779
1005,2427,1053
1006,53016,22551
1007,76805,32551
1008,82893,35172
1009,92963,39356
1010,7296,3204
1011,61351,26048
1012,95478,40411
1013,10614,4600
1014,103070,43602
1015,74508,31611
1016,78679,33354
1017,14867,6405
1018,82356,34952
1019,36366,15555
1020,80930,34339
1021,28507,12190
1022,63109,26790
1023,37207,15925
1024,86192,36580
1025,30752,13152
1026,42406,18119
1027,98351,41638
1028,104552,44228
1029,17433,7492
1030,93021,39376
1031,1056,439
1032,110678,46878
1033,61312,26029
1034,12177,5250
1035,35234,15095
1036,66322,28149
1037,43139,18417
1038,24730,10591
1039,127015,53942
1040,46575,19847
1041,97986,41475
1042,112218,47552
1043,50850,21665
1044,130150,55235
1045,20573,8825
1046,41287,17628
1047,46222,19709
1048,84806,35987
1049,108276,45845
1050,6721,2960
1051,93176,39432
1052,104613,44259
1053,55450,23575
1054,48028,20455
1055,122189,51820
1056,24668,10563
1057,45917,19585
1058,62264,26445
1059,125565,53321
1060,69244,29401
1061,16017,6899
1062,119738,50770
1063,75998,32228
1064,18279,7850
1065,9331,4032
1066,123620,52459
1067,41912,17896
1068,33171,14227
1069,4719,2066
1070,28168,12045
1071,101008,42758
1072,51023,21738
1073,111972,47434
1074,62479,26533
1075,50473,21519
1076,86886,36851
1077,74185,31483
1078,119718,50762
1079,97387,41213
1080,81649,34643
1081,8769,3786
1082,92530,39168
1083,126067,53523
1084,121591,51563
1085,55164,23450
1086,69439,29477
1087,106625,45122
1088,23417,10023
1089,14917,6431
1090,114681,48587
1091,35814,15336
1092,69192,29386
1093,53936,22937
1094,92693,39242
1095,97300,41179
1096,83460,35435
1097,23256,9950
1098,124591,52897
1099,44657,19077
1100,86043,36518
1101,114928,48701
1102,46213,19705
1103,31294,13389
1104,17458,7505
1105,125238,53171
1106,38109,16318
1107,23370,10005
1108,41323,17640
1109,1127,468
1110,23455,10041
1111,112825,47830
1112,53675,22824
1113,83335,35376
1114,26266,11233
1115,71524,30367
1116,58025,24641
1117,41682,17799
1118,18746,8044
1119,14286,6158
1120,72339,30709
1121,13199,5694
1122,35121,15048
1123,86225,36590
1124,76645,32491
1125,2237,963
1126,12876,5547
1127,46681,19894
1128,59393,25216
1129,98810,41827
1130,34590,14814
1131,58701,24921
1132,129294,54884
1133,68961,29293
1134,119340,50587
1135,75522,32034
1136,77125,32679
1137,29219,12489
1138,97805,41390
1139,82210,34897
1140,67359,28606
1141,106772,45193
1142,77001,32620
1143,92891,39326
1144,109850,46513
1145,121005,51304
1146,12740,5500
1147,31765,13591
1148,45995,19621
1149,102740,43466
1150,63015,26756
1151,9988,4316
1152,45842,19562
1153,113206,47985
1154,126459,53684
1155,91105,38557
1156,15508,6671
1157,42903,18324
1158,58724,24931
1159,129100,54799
1160,10975,4759
1161,22087,9452
1162,41727,17821
1163,91981,38944
1164,34425,14743
1165,108034,45740
1166,60374,25626
1167,107485,45511
1168,30796,13169
1169,30145,12899
1170,49078,20916
1171,65336,27747
1172,67650,28730
1173,39665,16951
1174,128303,54473
1175,26429,11302
1176,30688,13122
1177,20695,8881
1178,122762,52065
1179,9609,4158
1180,39558,16907
1181,24464,10467
1182,31713,13569
1183,93371,39509
1184,96145,40675
1185,42394,18112
1186,112247,47569
1187,58320,24770
1188,45610,19461
1189,20299,8698
1190,558,234
1191,110277,46685
1192,37078,15868
1193,116523,49388
1194,11684,5047
1195,58208,24720
1196,107874,45671
1197,89098,37733
1198,93010,39372
1199,77291,32749
1200,6509,2881
1201,96179,40684
1202,29832,12764
1203,52807,22462
1204,90806,38424
1205,65970,28007
1206,11965,5170
1207,111025,47025
1208,10855,4704
1209,16389,7048
1210,12726,5493
1211,39195,16761
1212,96859,40995
1213,9677,4190
1214,3601,1584
1215,73615,31238
1216,87397,37038
1217,95381,40372
1218,61484,26110
1219,97051,41078
1220,50952,21713
1221,28417,12151
1222,76306,32358
1223,81796,34709
1224,73216,31074
1225,58573,24876
1226,93822,39700
1227,21826,9353
1228,28676,12250
1229,42648,18213
1230,76439,32412
1231,11080,4807
1232,31323,13401
1233,77651,32914
1234,81657,34649
1235,30609,13088
1236,21612,9263
1237,44384,18950
1238,123250,52277
1239,15044,6485
1240,77793,32978
1241,128109,54397
1242,107251,45408
1243,19411,8311
1244,117695,49885
1245,53836,22894
1246,90518,38303
1247,63635,27008
1248,100005,42317
1249,96457,40808
1250,53769,22865
1251,37060,15856
1252,119178,50526
1253,116963,49575
1254,53743,22851
1255,57909,24590
1256,43835,18711
1257,15796,6798
1258,37414,16015
1259,42072,17968
1260,124190,52724
1261,98724,41798
1262,946,396
1263,56660,24086
1264,122362,51882
1265,63598,26986
1266,114988,48736
1267,71051,30178
1268,122358,51881
1269,73771,31301
1270,104261,44102
1271,47436,20220
1272,17400,7473
1273,47826,20375
1274,8702,3756
1275,24038,10298
1276,67505,28667
1277,126129,53551
1278,43561,18606
1279,29242,12498
1280,99839,42248
1281,77667,32924
1282,23660,10142
1283,4004,1760
1284,86470,36686
1285,67216,28543
1286,56668,24090
1287,26140,11184
1288,54279,23081
1289,83822,35588
1290,103913,43952
1291,67825,28812
1292,57416,24386
1293,114817,48651
1294,21995,9412
1295,104782,44337
1296,69387,29455
1297,105808,44772
1298,8168,3542
1299,54738,23272
1300,96998,41057
1301,84031,35672
1302,80358,34067
1303,75740,32122
1304,44790,19135
1305,93406,39522
1306,3107,1364
1307,44861,19162
1308,3889,1704
1309,29316,12527
1310,84395,35815
1311,1369,587
1312,118099,50061
1313,9225,3989
1314,35053,15019
1315,70804,30066
1316,33584,14412
1317,119535,50673
1318,13996,6029
1319,76163,32303
1320,67787,28795
1321,37910,16228
1322,92564,39183
1323,61261,26011
1324,37773,16170
1325,29738,12720
1326,112374,47636
1327,62520,26546
1328,94915,40172
1329,2551,1103
1330,71468,30345
1331,80167,33975
1332,31217,13355
1333,118737,50330
1334,62969,26735
1335,114590,48551
1336,97901,41433
1337,51252,21832
1338,123176,52244
1339,84199,35730
1340,114315,48435
1341,73883,31349
1342,113812,48229
1343,15651,6739
1344,74495,31607
1345,27857,11905
1346,49552,21120
1347,95779,40518
1348,21024,9016
1349,56793,24145
1350,116054,49184
1351,62309,26463
1352,3732,1637
1353,47870,20395
1354,58087,24673
1355,10038,4343
1356,98155,41552
1357,78630,33331
1358,19976,8561
1359,89111,37738
1360,130108,55217
1361,46947,20019
1362,99538,42117
1363,94192,39862
1364,56964,24213
1365,4258,1863
1366,112838,47837
1367,64729,27476
1368,46515,19824
1369,119851,50819
1370,105819,44778
1371,87672,37152
1372,26790,11467
1373,50170,21394
1374,52690,22419
1375,42567,18188
1376,27503,11755
1377,16217,6975
1378,35308,15124
1379,58424,24816
1380,68178,28960
1381,77297,32754
1382,66480,28220
1383,125266,53183
1384,94297,39912
1385,21485,9210
1386,52868,22491
1387,119525,50667
1388,33894,14528
1389,34998,14996
1390,118839,50376
1391,18137,7795
1392,92936,39347
1393,54145,23018
1394,124113,52687
1395,111379,47164
1396,123601,52449
1397,22189,9498
1398,80448,34110
1399,14654,6312
1400,117172,49665
1401,116742,49481
1402,108590,45982
1403,101980,43156
1404,120501,51101
1405,88299,37389
1406,112097,47489
1407,106646,45131
1408,120617,51155
1409,106830,45218
1410,72106,30615
1411,19905,8529
1412,12158,5245
1413,62633,26594
1414,120585,51142
1415,55879,23751
1416,27665,11824
1417,3206,1401
1418,80735,34250
1419,1161,485
1420,82534,35028
1421,113272,48012
1422,17864,7674
1423,119848,50816
1424,104722,44313
1425,84367,35800
1426,37351,15988
1427,2250,972
1428,95913,40575
1429,41960,17920
1430,39143,16738
1431,94092,39803
1432,54597,23213
1433,118255,50137
1434,115757,49082
1435,20068,8592
1436,55045,23408
1437,39939,17069
1438,107324,45440
1439,27832,11898
1440,91622,38793
1441,3836,1681
1442,4042,1778
1443,100282,42446
1444,43693,18657
1445,70008,29726
1446,55549,23619
1447,22405,9588
1448,76976,32615
1449,84857,36008
1450,64024,27176
1451,89662,37940
1452,118674,50307
1453,43954,18758
1454,127909,54308
1455,50967,21717
1456,120470,51088
1457,15585,6709
1458,13586,5858
1459,3883,1701
1460,45979,19614
1461,61441,26091
1462,77613,32896
1463,11575,5007
1464,110178,46648
1465,53494,22748
1466,123137,52227
1467,43339,18508
1468,2566,1108
1469,30558,13068
1470,97752,41367
1471,110529,46805
1472,8772,3788
1473,30942,13240
1474,25798,11053
1475,54911,23352
1476,96738,40940
1477,60459,25661
1478,82901,35178
1479,3425,1512
1480,104995,44422
1481,14830,6388
1482,93998,39761
1483,86920,36860
1484,45221,19319
1485,117926,49982
1486,46654,19881
1487,83899,35621
1488,21712,9304
1489,64966,27583
1490,74128,31451
1491,112308,47598
1492,90368,38229
1493,128503,54561
1494,69714,29599
1495,22114,9465
1496,32422,13908
1497,53435,22725
1498,61772,26232
1499,86183,36574
1500,17351,7450
1501,38812,16594
1502,20404,8746
1503,5011,2197
1504,118429,50215
1505,113365,48050
1506,68037,28903
1507,61940,26313
1508,42561,18185
1509,100632,42620
1510,13401,5776
1511,53262,22643
1512,120273,51003
1513,17756,7628
1514,86738,36796
1515,61604,26161
1516,11490,4972
1517,28952,12371
1518,37422,16017
1519,118472,50234
1520,57150,24281
1521,115029,48752
1522,61567,26141
1523,41444,17695
1524,33912,14536
1525,127640,54196
1526,81404,34536
1527,100427,42510
1528,52422,22316
1529,60814,25819
1530,54455,23152
1531,38696,16554
1532,47143,20112
1533,52104,22184
1534,121414,51485
1535,12407,5352
1536,47713,20333
1537,107681,45592
1538,18440,7920
1539,25061,10735
1540,104808,44349
1541,66687,28319
1542,98695,41785
1543,82384,34962
1544,31578,13514
1545,34921,14962
1546,118535,50249
1547,56201,23890
1548,125853,53432
1549,6024,2638
1550,23858,10229
1551,66431,28199
1552,95174,40292
1553,68487,29094
1554,64460,27368
1555,70297,29851
1556,106300,44980
1557,101429,42928
1558,49435,21070
1559,4654,2037
1560,51610,21989
1561,75473,32011
1562,111819,47358
1563,114802,48644
1564,61622,26166
1565,3878,1698
1566,96239,40716
1567,78395,33243
1568,8280,3587
1569,29907,12799
1570,115862,49121
1571,107092,45333
1572,44452,18985
1573,28122,12029
1574,80784,34277
1575,73422,31150
1576,109737,46470
1577,49978,21318
1578,13465,5806
1579,79688,33781
1580,119118,50502
1581,84052,35680
1582,2799,1211
1583,74062,31415
1584,89825,38016
1585,77688,32935
1586,10242,4426
1587,30015,12845
1588,18726,8034
1589,6591,2911
1590,30311,12971
1591,25948,11115
1592,72299,30688
1593,91122,38564
1594,13619,5873
1595,99409,42066
1596,93009,39371
1597,12710,5487
1598,50918,21694
1599,121792,51638
1600,82837,35151
1601,121155,51371
1602,19670,8434
1603,101700,43042
1604,43532,18596
1605,62860,26688
1606,21289,9132
1607,37049,15849
1608,45235,19326
1609,48298,20589
1610,74759,31716
1611,93310,39483
1612,40356,17232
1613,2873,1241
1614,21551,9239
1615,45973,19609
1616,51161,21794
1617,114196,48389
1618,93523,39581
1619,96389,40773
1620,123259,52281
1621,2824,1218
1622,2598,1121
1623,15086,6504
1624,6048,2647
1625,91672,38821
1626,123226,52269
1627,109931,46546
1628,31989,13703
1629,40508,17292
1630,11654,5034
1631,34393,14727
1632,18283,7852
1633,124994,53068
1634,113200,47982
1635,87973,37257
1636,115476,48951
1637,42073,17969
1638,72383,30728
1639,70656,30005
1640,56632,24072
1641,82320,34935
1642,81806,34715
1643,1725,746
1644,1904,816
1645,115552,48986
1646,8611,3721
1647,94209,39869
1648,93502,39570
1649,31971,13699
1650,65096,27648
1651,93271,39471
1652,67904,28850
1653,125583,53326
1654,32206,13815
1655,43505,18588
1656,128398,54514
1657,49973,21316
1658,126145,53559
1659,86663,36759
1660,31369,13427
1661,30208,12928
1662,27971,11961
1663,6934,3057
1664,77495,32843
1665,29568,12637
1666,22523,9639
1667,26880,11506
1668,61952,26318
1669,63262,26855
1670,103181,43650
1671,73453,31163
1672,16434,7073
1673,19150,8201
1674,83267,35346
1675,64955,27578
1676,95267,40326
1677,73112,31033
1678,70774,30052
1679,99366,42047
1680,14803,6374
1681,21453,9198
1682,108184,45802
1683,17428,7489
1684,75456,32006
1685,26887,11508
1686,64912,27560
1687,11516,4981
1688,21693,9297
1689,68336,29022
1690,48162,20522
1691,29749,12726
1692,77888,33021
1693,35288,15117
1694,66566,28266
1695,52550,22366
1696,106715,45165
1697,24467,10470
1698,80814,34287
1699,39522,16892
1700,120661,51172
1701,18186,7817
1702,106582,45108
1703,101839,43098
1704,9560,4139
1705,5932,2601
1706,39825,17018
1707,37279,15962
1708,72451,30754
1709,41940,17910
1710,59874,25414
1711,46380,19776
1712,38891,16615
1713,47681,20319
1714,21951,9398
1715,100719,42651
1716,41228,17602
1717,27747,11860
1718,130250,55282
1719,91879,38901
1720,42749,18262
1721,95613,40460
1722,94643,40061
1723,74161,31470
1724,90746,38398
1725,119647,50728
1726,101660,43021
1727,27239,11643
1728,21195,9094
1729,58445,24823
1730,77510,32850
1731,95110,40268
1732,80977,34363
1733,36009,15414
1734,24190,10368
1735,95456,40402
1736,969,404
1737,103502,43780
1738,34797,14905
1739,82425,34981
1740,25670,10996
1741,81126,34416
1742,28741,12280
1743,14393,6204
1744,25645,10978
1745,117055,49613
1746,48940,20863
1747,54462,23155
1748,70671,30010
1749,130168,55246
1750,84423,35825
1751,104163,44059
1752,111255,47123
1753,56791,24144
1754,34106,14604
1755,104501,44212
1756,106362,45003
1757,25694,11008
1758,47116,20101
1759,122467,51929
1760,108694,46027
1761,17530,7533
1762,48097,20492
1763,59651,25315
1764,38036,16282
1765,43247,18468
1766,97949,41457
1767,50293,21448
1768,129105,54803
1769,62970,26736
1770,107047,45312
1771,5111,2238
1772,15145,6527
1773,63461,26928
1774,69600,29547
1775,87886,37225
1776,13674,5902
1777,120468,51086
1778,86648,36755
1779,92853,39314
1780,79766,33808
1781,94403,39961
1782,69127,29361
1783,114947,48708
1784,120257,50995
1785,25033,10721
1786,97578,41298
1787,108853,46091
1788,51162,21795
1789,64345,27308
1790,7092,3120
1791,116440,49348
1792,97687,41341
1793,76123,32282
1794,124920,53038
1795,97146,41120
1796,26570,11370
1797,125356,53228
1798,9630,4167
1799,121731,51617
1800,29992,12836
1801,5364,2335
1802,77441,32817
1803,109192,46241
1804,46865,19980
1805,120182,50964
1806,61051,25913
1807,45555,19439
1808,47472,20234
1809,39606,16927
1810,48366,20620
1811,629,262
1812,87758,37181
1813,98792,41822
1814,123926,52601
1815,62902,26707
1816,60330,25608
1817,80086,33942
1818,119458,50637
1819,21239,9113
1820,71225,30250
1821,119016,50457
1822,115970,49157
1823,61776,26233
1824,127496,54130
1825,56051,23829
1826,102650,43427
1827,35170,15065
1828,17559,7545
1829,31518,13488
1830,8967,3875
1831,13582,5857
1832,114798,48643
1833,16205,6972
1834,100623,42615
1835,116999,49589
1836,106469,45055
1837,98159,41555
1838,44618,19060
1839,42281,18056
1840,18362,7893
1841,108379,45892
1842,4856,2127
1843,24774,10613
1844,4667,2042
1845,112790,47816
1846,128129,54407
1847,95439,40395
1848,4861,2130
1849,46700,19903
1850,17915,7700
1851,19990,8564
1852,102603,43404
1853,84373,35803
1854,38651,16539
1855,111477,47203
1856,100311,42459
1857,66709,28329
1858,80493,34132
1859,49895,21276
1860,3585,1576
1861,47813,20370
1862,72444,30752
1863,117460,49784
1864,30092,12877
1865,14929,6435
1866,88315,37397
1867,91056,38538
1868,35931,15385
1869,78787,33391
1870,82076,34831
1871,33568,14402
1872,1081,447
1873,102656,43429
1874,122458,51922
1875,81124,34414
1876,23049,9869
1877,30871,13209
1878,12145,5238
1879,50621,21575
1880,96495,40827
1881,61113,25942
1882,29732,12716
1883,96156,40677
1884,96382,40771
1885,58961,25031
1886,21393,9171
1887,3214,1406
1888,1589,687
1889,17905,7696
1890,58215,24725
1891,76308,32359
1892,28854,12325
1893,32958,14129
1894,40638,17350
1895,120135,50939
1896,14309,6169
1897,64550,27403
1898,66238,28116
1899,81654,34646
1900,110672,46873
1901,102615,43412
1902,81433,34548
1903,108555,45967
1904,22749,9732
1905,53498,22750
1906,49231,20989
1907,127320,54055
1908,23820,10211
1909,7644,3341
1910,96073,40645
1911,128817,54685
1912,6603,2914
1913,9516,4118
1914,28734,12278
1915,119286,50563
1916,54824,23308
1917,90896,38459
1918,124136,52700
1919,40515,17295
1920,12829,5531
1921,44189,18862
1922,20574,8826
1923,84008,35664
1924,72232,30665
1925,5350,2329
1926,114650,48572
1927,110696,46884
1928,58091,24674
1929,59821,25393
1930,38962,16651
1931,57680,24492
1932,82863,35160
1933,32699,14014
1934,86370,36651
1935,15475,6663
1936,97564,41291
1937,60325,25606
1938,59318,25179
1939,54327,23102
1940,59252,25153
1941,96769,40954
1942,84943,36041
1943,129861,55118
1944,125787,53403
1945,37553,16079
1946,31019,13279
1947,83146,35281
1948,124803,52985
1949,117914,49977
1950,69627,29559
1951,4568,2001
1952,77075,32655
1953,89150,37754
1954,3812,1671
1955,96619,40881
1956,36844,15763
1957,89351,37825
1958,14121,6084
1959,83023,35225
1960,5097,2231
1961,61305,26027
1962,129585,55000
1963,129603,55006
1964,28192,12055
1965,17185,7393
1966,13340,5754
1967,18176,7811
1968,63020,26758
1969,1186,494
1970,33083,14188
1971,23651,10138
1972,37157,15900
1973,69585,29542
1974,80427,34099
1975,115719,49065
1976,82350,34947
1977,4566,1999
1978,81045,34392
1979,107959,45710
1980,51841,22089
1981,123686,52490
1982,126467,53688
1983,34249,14663
1984,42399,18116
1985,55789,23724
1986,27928,11937
1987,54877,23333
1988,71883,30519
1989,4796,2101
1990,404,166
1991,34414,14737
1992,83156,35287
1993,27037,11571
1994,22966,9832
1995,109715,46459
1996,113792,48221
1997,72435,30748
1998,82811,35144
1999,84474,35848
2000,69533,29523
2001,49107,20931
2002,41957,17918
2003,101230,42854
2004,115059,48763
2005,104920,44391
2006,11638,5028
2007,86456,36679
2008,117916,49978
2009,59310,25177
2010,39735,16980
2011,43916,18743
2012,69857,29659
2013,12881,5549
2014,99686,42180
2015,74961,31788
2016,40104,17136
2017,88184,37348
2018,65806,27938
2019,67698,28749
2020,50922,21697
2021,6805,2999
2022,22123,9471
2023,66468,28213
2024,58347,24783
2025,79525,33712
2026,7827,3413
2027,100213,42419
2028,46616,19863
2029,43113,18407
2030,106135,44910
2031,69722,29602
2032,77492,32841
2033,61408,26076
2034,116946,49567
2035,78511,33294
2036,101705,43044
2037,115980,49158
2038,125999,53487
2039,1958,839
2040,98179,41562
2041,121910,51691
2042,97939,41452
2043,13707,5917
2044,26186,11201
2045,93673,39644
2046,80360,34068
2047,79783,33819
2048,109316,46295
2049,26293,11244
2050,9005,3891
2051,4731,2073
2052,76194,32318
2053,85565,36306
2054,33466,14356
2055,118039,50037
2056,96698,40922
2057,123564,52433
2058,25625,10969
2059,82841,35152
2060,68021,28892
2061,87518,37088
2062,12373,5330
2063,103754,43882
2064,7355,3231
2065,29387,12560
2066,10527,4550
2067,117306,49714
2068,441,183
2069,29360,12550
2070,103807,43905
2071,11790,5097
2072,81915,34763
2073,120394,51049
2074,87911,37235
2075,48325,20601
2076,50335,21465
2077,63839,27101
2078,72380,30726
2079,35887,15366
2080,69067,29337
2081,83776,35563
2082,67161,28518
2083,5468,2378
2084,103631,43837
2085,86157,36563
2086,76520,32445
2087,113458,48088
2088,1836,786
2089,105270,44545
2090,93818,39697
2091,110910,46972
2092,37269,15959
2093,78919,33452
2094,34826,14920
2095,47516,20256
2096,37222,15931
2097,31517,13487
2098,99919,42286
2099,3196,1398
2100,10326,4467
2101,61216,25990
2102,45145,19280
2103,18385,7901
2104,30998,13268
2105,116686,49455
2106,99877,42266
2107,122991,52161
2108,48540,20695
2109,70629,29994
2110,118538,50250
2111,121564,51555
2112,89746,37980
2113,5768,2514
2114,86716,36779
2115,58527,24856
2116,25562,10937
2117,8697,3753
2118,69461,29491
2119,74255,31508
2120,127142,53991
2121,99043,41917
2122,5635,2455
2123,2084,898
2124,75890,32187
2125,73668,31262
2126,72120,30620
2127,97785,41379
2128,113786,48219
2129,35364,15148
2130,96629,40885
2131,16858,7258
2132,20772,8917
2133,59775,25373
2134,25672,10998
2135,113542,48121
2136,3869,1692
2137,96435,40800
2138,102214,43254
2139,44447,18981
2140,61417,26079
2141,113372,48055
2142,62240,26435
2143,10825,4690
2144,33579,14407
2145,22799,9755
2146,31959,13690
2147,6719,2958
2148,11455,4961
2149,87750,37177
2150,106520,45081
2151,81713,34679
2152,71761,30466
2153,53348,22682
2154,61284,26021
2155,106456,45048
2156,16286,7001
2157,7012,3096
2158,3697,1621
2159,53923,22934
2160,72874,30936
2161,71771,30471
2162,57478,24415
2163,115287,48863
2164,80476,34124
2165,47400,20203
2166,20874,8964
2167,94726,40093
2168,116679,49454
2169,52552,22367
2170,90525,38305
2171,636,265
2172,103766,43887
2173,82464,34998
2174,24165,10354
2175,84467,35845
2176,41335,17642
2177,124138,52702
2178,87842,37217
2179,111019,47021
2180,77664,32921
2181,86523,36704
2182,127085,53967
2183,101098,42794
2184,50636,21581
2185,24759,10604
2186,99971,42305
2187,76313,32362
2188,66071,28048
2189,61837,26262
2190,119256,50551
2191,112701,47779
2192,26024,11146
2193,89818,38011
2194,28286,12101
2195,53958,22949
2196,40805,17426
2197,31002,13270
2198,48120,20504
2199,95888,40565
2200,88874,37641
2201,80174,33981
2202,112466,47679
2203,59235,25149
2204,123725,52508
2205,11147,4829
2206,112199,47544
2207,86570,36724
2208,29119,12443
2209,96670,40906
2210,54544,23187
2211,15553,6695
2212,3821,1675
2213,86677,36763
2214,16513,7105
2215,37663,16124
2216,129067,54783
2217,58754,24949
2218,22927,9814
2219,91841,38884
2220,59282,25164
2221,22976,9837
2222,119495,50653
2223,13245,5714
2224,129766,55080
2225,61851,26271
2226,64866,27538
2227,82594,35052
2228,121679,51595
2229,42501,18160
2230,3073,1349
2231,109953,46553
2232,111679,47296
2233,118029,50032
2234,29466,12597
2235,66717,28332
2236,22986,9840
2237,72250,30675
2238,11039,4791
2239,66728,28337
2240,62605,26579
2241,17570,7551
2242,25648,10981
2243,52364,22295
2244,103025,43584
2245,51567,21970
2246,67737,28769
2247,26685,11425
2248,5218,2284
2249,70150,29789
2250,126999,53935
2251,79963,33891
2252,123789,52536
2253,1423,612
2254,76641,32488
2255,48503,20678
2256,75214,31900
2257,1319,562
2258,67884,28843
2259,122518,51948
2260,70830,30076
2261,30096,12879
2262,110250,46675
2263,117061,49615
2264,89553,37895
2265,113184,47976
2266,64791,27500
2267,15408,6633
2268,62562,26564
2269,3799,1667
2270,47165,20121
2271,1412,605
2272,66068,28046
2273,107167,45370
2274,87096,36921
2275,15715,6763
2276,70234,29825
2277,60609,25728
2278,22684,9703
2279,39461,16867
2280,85237,36162
2281,12420,5358
2282,87509,37082
2283,22902,9800
2284,46479,19807
2285,92673,39236
2286,64170,27238
2287,78719,33363
2288,2635,1139
2289,126107,53541
2290,105893,44811
2291,12655,5467
2292,119109,50497
2293,39557,16906
2294,116375,49317
2295,2074,892
2296,14331,6180
2297,35002,14999
2298,69465,29493
2299,98649,41765
2300,113368,48053
2301,58807,24971
2302,116733,49478
2303,1503,649
2304,57955,24614
2305,118063,50048
2306,126859,53875
2307,53214,22622
2308,91659,38814
2309,101152,42821
2310,39750,16987
2311,125255,53179
2312,114893,48688
2313,128580,54600
2314,64496,27381
2315,22404,9587
2316,121747,51620
2317,65509,27820
2318,40690,17375
2319,86302,36623
2320,78868,33425
2321,23214,9940
2322,25306,10833
2323,68619,29159
2324,36098,15444
2325,57444,24398
2326,39472,16872
2327,66712,28330
2328,63862,27108
2329,106058,44879
2330,6264,2753
2331,36161,15468
2332,75987,32222
2333,10484,4536
2334,29848,12772
2335,117808,49936
2336,78690,33357
2337,47966,20432
2338,93301,39480
2339,124392,52804
2340,120342,51028
2341,58198,24714
2342,98273,41598
2343,51047,21750
2344,93413,39527
2345,50348,21472
2346,19553,8372
2347,129835,55110
2348,99805,42231
2349,120476,51092
2350,52545,22363
2351,108419,45911
2352,44310,18915
2353,8062,3506
2354,120563,51132
2355,55431,23565
2356,116909,49550
2357,85855,36442
2358,12104,5224
2359,93103,39408
2360,55567,23626
2361,82706,35100
2362,34701,14868
2363,36077,15441
2364,9894,4276
2365,66542,28255
2366,110763,46913
2367,4778,2095
2368,6620,2920
2369,88095,37308
2370,62757,26646
2371,67870,28835
2372,65075,27638
2373,8002,3481
2374,23171,9923
2375,8289,3591
2376,127221,54020
2377,6044,2644
2378,23264,9954
2379,3745,1640
2380,129617,55009
2381,58839,24982
2382,7512,3297
2383,119774,50788
2384,22043,9434
2385,77744,32959
2386,6274,2759
2387,60554,25709
2388,53290,22657
2389,31134,13320
2390,5799,2531
2391,3575,1572
2392,73072,31014
2393,72502,30775
2394,76480,32428
2395,80963,34359
2396,95190,40298
2397,117268,49699
2398,12275,5291
2399,42665,18223
2400,92776,39275
2401,88243,37371
2402,124595,52901
2403,123309,52308
2404,39321,16814
2405,93388,39515
2406,53210,22621
2407,13813,5962
2408,56728,24117
2409,97052,41079
2410,7676,3360
2411,84650,35917
2412,56047,23827
2413,22124,9472
2414,88966,37677
2415,65373,27758
2416,5668,2466
2417,31831,13627
2418,25898,11093
2419,129052,54778
2420,28440,12166
2421,116232,49265
2422,80168,33976
2423,45571,19444
2424,129693,55048
2425,23734,10169
2426,89692,37956
2427,10676,4628
2428,3629,1596
2429,42357,18091
2430,104186,44069
2431,18540,7961
2432,3039,1335
2433,114853,48671
2434,106604,45112
2435,59309,25176
2436,33271,14266
2437,68918,29272
2438,115556,48988
2439,84083,35688
2440,126593,53744
2441,88249,37372
2442,114160,48373
2443,29473,12600
2444,41729,17823
2445,23721,10163
2446,103777,43891
2447,42851,18296
2448,100949,42741
2449,23105,9891
2450,63670,27023
2451,93359,39503
2452,12304,5306
2453,76995,32619
2454,90516,38301
2455,1820,782
2456,64530,27394
2457,50669,21594
2458,6209,2730
2459,6433,2840
2460,47405,20206
2461,9632,4169
2462,76129,32286
2463,97254,41158
2464,34562,14802
2465,29837,12767
2466,36034,15423
2467,73240,31088
2468,102709,43451
2469,40963,17495
2470,128306,54474
2471,125472,53282
2472,24785,10618
2473,91603,38782
2474,24505,10489
2475,96424,40797
2476,20361,8724
2477,56639,24074
2478,25286,10824
2479,105588,44677
2480,128417,54521
2481,55564,23624
2482,104129,44042
2483,29485,12605
2484,7950,3460
2485,44798,19140
2486,46134,19680
2487,56651,24081
2488,91303,38645
2489,107093,45334
2490,37794,16177
2491,79666,33769
2492,127369,54080
2493,101045,42773
2494,105180,44501
2495,49726,21196
