experiment,contrast,scheme,replicates,n_messages,n_units,draw_size_min,draw_size_max,difference_m,ratio,difference_low_m,difference_high_m,ratio_low,ratio_high
removal_33_0,FP_removal_on_survivors,paired_messages,6000,2495,2495,2495,2495,0.0,1.0,-2.842170943040401e-14,2.842170943040401e-14,0.9999999999999999,1.0000000000000002
removal_33_0,MinMax_removal_on_survivors,paired_messages,6000,2495,2495,2495,2495,0.0,1.0,-5.684341886080802e-14,5.684341886080802e-14,0.9999999999999999,1.0000000000000002
removal_33_0,MinMax_minus_FP_on_survivors,paired_messages,6000,2495,2495,2495,2495,248.34354651131846,2.1324775005753627,223.60739428442156,270.40887360757813,1.9819902526239193,2.2726249057811705
removal_33_0,FP_removal_on_survivors,spatial_1000m,6000,2495,39,672,5925,0.0,1.0,-5.684341886080802e-14,2.842170943040401e-14,0.9999999999999998,1.0000000000000002
removal_33_0,MinMax_removal_on_survivors,spatial_1000m,6000,2495,39,672,5925,0.0,1.0,-5.684341886080802e-14,5.684341886080802e-14,0.9999999999999999,1.0000000000000002
removal_33_0,MinMax_minus_FP_on_survivors,spatial_1000m,6000,2495,39,672,5925,248.34354651131846,2.1324775005753627,123.18607631446993,336.01679893176015,1.6437777828069444,5.32426180342086
removal_23_0,FP_removal_on_survivors,paired_messages,6000,1676,1676,1676,1676,-7.983549942778126,0.950904696751541,-26.28560934050592,17.736043549298593,0.8453166265358855,1.1119736707823382
removal_23_0,MinMax_removal_on_survivors,paired_messages,6000,1676,1676,1676,1676,37.151947574449935,1.0822797829508086,15.129052210309165,61.48420507277559,1.0324315703410403,1.1391099958691633
removal_23_0,MinMax_minus_FP_on_survivors,paired_messages,6000,1676,1676,1676,1676,334.05409422564276,3.1603479585909033,299.6682895716813,368.41677351942536,2.660474140915555,3.6924836532165712
removal_23_0,FP_removal_on_survivors,spatial_1000m,6000,1676,36,448,4811,-7.983549942778126,0.950904696751541,-13.734313355188453,53.17466785320727,0.9057965655830046,1.162561205493493
removal_23_0,MinMax_removal_on_survivors,spatial_1000m,6000,1676,36,448,4811,37.151947574449935,1.0822797829508086,-1.4857329051564585,107.29245666522226,0.990733326471493,1.1742039412641183
removal_23_0,MinMax_minus_FP_on_survivors,spatial_1000m,6000,1676,36,448,4811,334.05409422564276,3.1603479585909033,109.33572059307907,462.35954409238633,1.7148192285668167,6.72579897776767
removal_23_1,FP_removal_on_survivors,paired_messages,6000,1374,1374,1374,1374,37.926153844279156,1.1382178109543302,20.87116207430472,64.7771554262405,1.0734905742075713,1.242522399188724
removal_23_1,MinMax_removal_on_survivors,paired_messages,6000,1374,1374,1374,1374,-32.88800642027218,0.9445647312805674,-58.35410614732223,-12.252362920922204,0.9037902001743053,0.9787216636704879
removal_23_1,MinMax_minus_FP_on_survivors,paired_messages,6000,1374,1374,1374,1374,248.06036414093978,1.7942499712228213,212.84095445977613,273.3148503970412,1.635999748629478,1.9126771470756674
removal_23_1,FP_removal_on_survivors,spatial_1000m,6000,1374,38,399,3177,37.926153844279156,1.1382178109543302,13.419784181769627,103.70547461952883,1.0594952280918055,1.3536299509177012
removal_23_1,MinMax_removal_on_survivors,spatial_1000m,6000,1374,38,399,3177,-32.88800642027218,0.9445647312805674,-104.3046922456954,57.884106452580966,0.8137335669323541,1.097886930448021
removal_23_1,MinMax_minus_FP_on_survivors,spatial_1000m,6000,1374,38,399,3177,248.06036414093978,1.7942499712228213,173.81134814958847,293.57916586660093,1.421377070409185,2.3331302158418143
removal_23_2,FP_removal_on_survivors,paired_messages,6000,1243,1243,1243,1243,41.64502535335771,1.1315197995591997,18.233716094995746,65.91911125994658,1.0548336188546674,1.2195578166372207
removal_23_2,MinMax_removal_on_survivors,paired_messages,6000,1243,1243,1243,1243,133.6010152929847,1.2008858014089383,107.17273404009225,169.8260270986984,1.160583329044341,1.25634162502761
removal_23_2,MinMax_minus_FP_on_survivors,paired_messages,6000,1243,1243,1243,1243,440.3709812951355,2.229092426802911,404.5108674492367,488.305207789912,2.0964835667958233,2.3980688179457283
removal_23_2,FP_removal_on_survivors,spatial_1000m,6000,1243,38,407,2906,41.64502535335771,1.1315197995591997,13.397085657191951,81.02340287868877,1.0364257272793722,1.2863608240398854
removal_23_2,MinMax_removal_on_survivors,spatial_1000m,6000,1243,38,407,2906,133.6010152929847,1.2008858014089383,30.3410971775812,214.1477553362262,1.048168885649177,1.3044582219510819
removal_23_2,MinMax_minus_FP_on_survivors,spatial_1000m,6000,1243,38,407,2906,440.3709812951355,2.229092426802911,250.9353170708916,584.6126807462755,1.6231472711118102,2.7533672798548126
removal_23_3,FP_removal_on_survivors,paired_messages,6000,1438,1438,1438,1438,33.04965303278743,1.1025787422689837,15.646440836404695,54.960624568693596,1.0476638314547095,1.1747634025187297
removal_23_3,MinMax_removal_on_survivors,paired_messages,6000,1438,1438,1438,1438,-42.47531417794676,0.9337376792202637,-65.57508796929838,-19.265917653283047,0.8977373553284635,0.9701716685413966
removal_23_3,MinMax_minus_FP_on_survivors,paired_messages,6000,1438,1438,1438,1438,243.30450907662544,1.6849060586349547,207.6266604719576,279.67129015408676,1.5627094979730265,1.807641777541408
removal_23_3,FP_removal_on_survivors,spatial_1000m,6000,1438,35,427,3551,33.04965303278743,1.1025787422689837,16.582779455678583,85.65788444914772,1.0508532731479476,1.246015467490934
removal_23_3,MinMax_removal_on_survivors,spatial_1000m,6000,1438,35,427,3551,-42.47531417794676,0.9337376792202637,-85.51560383298978,2.779901745009947,0.8498896214986033,1.0040809533141877
removal_23_3,MinMax_minus_FP_on_survivors,spatial_1000m,6000,1438,35,427,3551,243.30450907662544,1.6849060586349547,123.12201722223026,333.688548842152,1.3156093455391058,1.9642735406596945
removal_23_4,FP_removal_on_survivors,paired_messages,6000,1796,1796,1796,1796,-0.08428268287616447,0.9995774042127406,-15.348714219465528,21.567702554979466,0.9246395276980905,1.1122143653952004
removal_23_4,MinMax_removal_on_survivors,paired_messages,6000,1796,1796,1796,1796,-16.818645125004196,0.9642880762164289,-36.69383709992194,1.1509201657582249,0.9251129194626577,1.002509584567178
removal_23_4,MinMax_minus_FP_on_survivors,paired_messages,6000,1796,1796,1796,1796,254.77842337906532,2.278006396216306,224.74364212979197,282.7433174308949,2.0356105643102875,2.519840295171931
removal_23_4,FP_removal_on_survivors,spatial_1000m,6000,1796,36,434,5815,-0.08428268287616447,0.9995774042127406,-13.372459722328482,31.70005449333199,0.903318264086313,1.1466636045279945
removal_23_4,MinMax_removal_on_survivors,spatial_1000m,6000,1796,36,434,5815,-16.818645125004196,0.9642880762164289,-59.11588713295659,14.891532879862597,0.897228890738201,1.036372233442067
removal_23_4,MinMax_minus_FP_on_survivors,spatial_1000m,6000,1796,36,434,5815,254.77842337906532,2.278006396216306,107.7692846351623,324.9070230196471,1.5343049026522657,5.890648666374257
removal_23_5,FP_removal_on_survivors,paired_messages,6000,972,972,972,972,24.34225994285245,1.096386213126613,-1.4575549382653021,49.737350436622684,0.9943441834176714,1.2080447276646333
removal_23_5,MinMax_removal_on_survivors,paired_messages,6000,972,972,972,972,95.31804622340394,1.1572065168426748,38.61242396258258,154.0117105923783,1.0633325550332886,1.2573281726147512
removal_23_5,MinMax_minus_FP_on_survivors,paired_messages,6000,972,972,972,972,424.75035636546573,2.5339959330448636,355.91694897690417,492.1501773421379,2.263571116946575,2.8408241967078953
removal_23_5,FP_removal_on_survivors,spatial_1000m,6000,972,34,236,2737,24.34225994285245,1.096386213126613,-2.1001142386470186,121.28428203457747,0.9856311373927182,1.465410962960175
removal_23_5,MinMax_removal_on_survivors,spatial_1000m,6000,972,34,236,2737,95.31804622340394,1.1572065168426748,-98.37480587654456,283.75405116405506,0.6946229704214829,1.3887329123632646
removal_23_5,MinMax_minus_FP_on_survivors,spatial_1000m,6000,972,34,236,2737,424.75035636546573,2.5339959330448636,134.74108092819876,668.3373170463323,1.556571253030642,6.056165610411262
removal_23_6,FP_removal_on_survivors,paired_messages,6000,997,997,997,997,38.617647957130885,1.130218530969835,3.0587638890277518,71.694343939196,1.0094978496561364,1.2520272864540063
removal_23_6,MinMax_removal_on_survivors,paired_messages,6000,997,997,997,997,108.89194862277157,1.1573768605516352,63.38792226435601,139.82864495980843,1.0889419277216843,1.20723371748271
removal_23_6,MinMax_minus_FP_on_survivors,paired_messages,6000,997,997,997,997,465.6324098457773,2.389209517845314,408.5950571196134,514.3760970361193,2.1443566344561518,2.6244553274412423
removal_23_6,FP_removal_on_survivors,spatial_1000m,6000,997,32,322,2163,38.617647957130885,1.130218530969835,-32.54555257857148,75.72694771255517,0.8559278083678888,1.2605341249223228
removal_23_6,MinMax_removal_on_survivors,spatial_1000m,6000,997,32,322,2163,108.89194862277157,1.1573768605516352,15.708519495007986,195.661462270719,1.024131868699232,1.2728850724993919
removal_23_6,MinMax_minus_FP_on_survivors,spatial_1000m,6000,997,32,322,2163,465.6324098457773,2.389209517845314,308.19410248481927,596.8465755488176,1.7182846303263255,4.593906286583308
removal_23_7,FP_removal_on_survivors,paired_messages,6000,1069,1069,1069,1069,15.268920129891569,1.0473722148909446,-11.644644613436267,44.41410978032793,0.9655441466138164,1.1439587924003694
removal_23_7,MinMax_removal_on_survivors,paired_messages,6000,1069,1069,1069,1069,-43.92755027100907,0.9339271427246169,-77.81491411541602,-13.173326325261073,0.8844797519696278,0.9797569153933446
removal_23_7,MinMax_minus_FP_on_survivors,paired_messages,6000,1069,1069,1069,1069,283.3205086958072,1.8392518970949956,241.21563148592296,327.56875283800116,1.6807279577807313,2.0271317414681906
removal_23_7,FP_removal_on_survivors,spatial_1000m,6000,1069,37,231,2801,15.268920129891569,1.0473722148909446,-8.08951806911197,52.26615785409124,0.9767827991921615,1.152058019994634
removal_23_7,MinMax_removal_on_survivors,spatial_1000m,6000,1069,37,231,2801,-43.92755027100907,0.9339271427246169,-90.3871273332281,38.37306853705686,0.8682853147995059,1.0569770459594356
removal_23_7,MinMax_minus_FP_on_survivors,spatial_1000m,6000,1069,37,231,2801,283.3205086958072,1.8392518970949956,173.86354934877704,447.6925491712174,1.4335422186285194,2.476013751987802
removal_16_0,FP_removal_on_survivors,paired_messages,6000,690,690,690,690,52.124250267305,1.1659216460276265,17.464342951389096,88.90692580179025,1.0522421029489541,1.305578278192968
removal_16_0,MinMax_removal_on_survivors,paired_messages,6000,690,690,690,690,4.2203346339640575,1.0061885892694322,-63.212888276873976,51.0871995646699,0.9128186653710904,1.075873284647753
removal_16_0,MinMax_minus_FP_on_survivors,paired_messages,6000,690,690,690,690,319.90052493573523,1.873391203599742,273.8455756733086,372.2103145708874,1.7159518734198087,2.0583035936456002
removal_16_0,FP_removal_on_survivors,spatial_1000m,6000,690,27,132,1895,52.124250267305,1.1659216460276265,-0.3322529374060893,143.42268072410747,0.9992123891208089,1.409788316889077
removal_16_0,MinMax_removal_on_survivors,spatial_1000m,6000,690,27,132,1895,4.2203346339640575,1.0061885892694322,-90.59130095191286,140.526635600648,0.8743916553142912,1.2166874373439245
removal_16_0,MinMax_minus_FP_on_survivors,spatial_1000m,6000,690,27,132,1895,319.90052493573523,1.873391203599742,219.70272995609892,407.4875694203805,1.4758520334279794,2.10331823926506
removal_16_1,FP_removal_on_survivors,paired_messages,6000,960,960,960,960,85.81147512412986,1.308232219847665,51.378207376617304,108.48427558071435,1.1747133658769855,1.4035760133913842
removal_16_1,MinMax_removal_on_survivors,paired_messages,6000,960,960,960,960,-58.54882608162677,0.9091512308009786,-89.27920005422715,-19.84231888613627,0.8637257664125307,0.9690254616362111
removal_16_1,MinMax_minus_FP_on_survivors,paired_messages,6000,960,960,960,960,221.70562927281765,1.6087297758892452,188.39242676191992,271.6015586624808,1.5001460833423657,1.7845719387924415
removal_16_1,FP_removal_on_survivors,spatial_1000m,6000,960,31,277,2278,85.81147512412986,1.308232219847665,48.177742696720046,123.13637237065065,1.145676121960189,1.5613169388002608
removal_16_1,MinMax_removal_on_survivors,spatial_1000m,6000,960,31,277,2278,-58.54882608162677,0.9091512308009786,-149.79694479724492,78.52514147496069,0.7769967268689433,1.1240008856908281
removal_16_1,MinMax_minus_FP_on_survivors,spatial_1000m,6000,960,31,277,2278,221.70562927281765,1.6087297758892452,164.03525624035944,367.18040912000885,1.439761380324337,2.2643456497585404
removal_16_2,FP_removal_on_survivors,paired_messages,6000,807,807,807,807,15.823779210583155,1.0472597788130207,-18.676253801510082,46.11069104545539,0.9464793980044478,1.141724299441
removal_16_2,MinMax_removal_on_survivors,paired_messages,6000,807,807,807,807,-60.963451470430414,0.9113103946692169,-113.02188471780595,-28.341904426812903,0.8425009060913247,0.9579956709278861
removal_16_2,MinMax_minus_FP_on_survivors,paired_messages,6000,807,807,807,807,275.7671599051783,1.7864472392543809,227.87858802023203,324.23473307941936,1.6243101090736225,1.9977227086650367
removal_16_2,FP_removal_on_survivors,spatial_1000m,6000,807,33,223,2268,15.823779210583155,1.0472597788130207,-18.895842890863737,90.96760943545192,0.9492857158830462,1.2336353704683913
removal_16_2,MinMax_removal_on_survivors,spatial_1000m,6000,807,33,223,2268,-60.963451470430414,0.9113103946692169,-159.3047895126052,62.75364032298748,0.7725599226842257,1.0908348092576803
removal_16_2,MinMax_minus_FP_on_survivors,spatial_1000m,6000,807,33,223,2268,275.7671599051783,1.7864472392543809,185.2285698290635,380.66560032330625,1.4235386858727632,2.017594175676044
removal_16_3,FP_removal_on_survivors,paired_messages,6000,1058,1058,1058,1058,93.81837203907901,1.3038394953760553,65.34959014223423,125.86832947499283,1.2024138919919718,1.4290488968420743
removal_16_3,MinMax_removal_on_survivors,paired_messages,6000,1058,1058,1058,1058,74.48599933866592,1.1155780878175534,31.304487197046015,121.01420062505963,1.048605112138403,1.1874513720018218
removal_16_3,MinMax_minus_FP_on_survivors,paired_messages,6000,1058,1058,1058,1058,316.3562493447864,1.7857938383244765,260.2019450990766,371.8907992720353,1.62200228746798,1.9458683658498133
removal_16_3,FP_removal_on_survivors,spatial_1000m,6000,1058,35,347,2459,93.81837203907901,1.3038394953760553,45.997285881297394,132.0390733283504,1.134839415092212,1.438844315144897
removal_16_3,MinMax_removal_on_survivors,spatial_1000m,6000,1058,35,347,2459,74.48599933866592,1.1155780878175534,-47.07150952276845,311.4351637375881,0.9164070473455969,1.433060918698595
removal_16_3,MinMax_minus_FP_on_survivors,spatial_1000m,6000,1058,35,347,2459,316.3562493447864,1.7857938383244765,89.0858011900886,638.2845095906387,1.2070165202545442,2.606291076422694
removal_16_4,FP_removal_on_survivors,paired_messages,6000,1276,1276,1276,1276,16.477820383323092,1.2778927005289145,-0.01742798602107138,37.69784230982924,0.9996162558651828,1.61642092158727
removal_16_4,MinMax_removal_on_survivors,paired_messages,6000,1276,1276,1276,1276,-65.00383684806462,0.8014610383718257,-120.4289260639848,-6.192395122947853,0.6299777275903271,0.9832417031744828
removal_16_4,MinMax_minus_FP_on_survivors,paired_messages,6000,1276,1276,1276,1276,186.633705583475,3.4630490708586668,129.16440596233952,259.1785391393274,2.6627257875142476,4.345791020556782
removal_16_4,FP_removal_on_survivors,spatial_1000m,6000,1276,35,266,4441,16.477820383323092,1.2778927005289145,-0.8813024855936398,171.9534595635812,0.9705341042381758,1.5106762024777078
removal_16_4,MinMax_removal_on_survivors,spatial_1000m,6000,1276,35,266,4441,-65.00383684806462,0.8014610383718257,-92.03594268183235,328.6647604957166,0.6825325583901901,1.466496905682676
removal_16_4,MinMax_minus_FP_on_survivors,spatial_1000m,6000,1276,35,266,4441,186.633705583475,3.4630490708586668,101.30894534160568,602.9063986260832,1.6948625258119294,6.665712009320843
removal_16_5,FP_removal_on_survivors,paired_messages,6000,795,795,795,795,97.84987765779846,1.3053200836134262,63.71674074788905,143.4321940933428,1.1947588243776528,1.4832496187278175
removal_16_5,MinMax_removal_on_survivors,paired_messages,6000,795,795,795,795,319.70775665839994,1.446769572419772,268.6334790612653,381.8430323375746,1.3620586331331612,1.543710195621873
removal_16_5,MinMax_minus_FP_on_survivors,paired_messages,6000,795,795,795,795,616.9737106053699,2.474839377636603,556.2371524749008,692.6279873090841,2.247937828121683,2.74529852534151
removal_16_5,FP_removal_on_survivors,spatial_1000m,6000,795,35,250,1873,97.84987765779846,1.3053200836134262,50.50219395080561,189.91358912641314,1.1538960625321575,1.55611600138884
removal_16_5,MinMax_removal_on_survivors,spatial_1000m,6000,795,35,250,1873,319.70775665839994,1.446769572419772,0.0,545.8801963238051,1.0,1.7167250269526613
removal_16_5,MinMax_minus_FP_on_survivors,spatial_1000m,6000,795,35,250,1873,616.9737106053699,2.474839377636603,138.77011434285944,939.1874820448919,1.27519834836596,3.4959684701720706
removal_16_6,FP_removal_on_survivors,paired_messages,6000,845,845,845,845,170.2859951201366,1.5250750501414256,132.96895885069011,208.2869066588063,1.3936752428262908,1.684470001022505
removal_16_6,MinMax_removal_on_survivors,paired_messages,6000,845,845,845,845,35.50055224131006,1.0546404741887243,4.583920828883606,76.71905941032297,1.0068708746664647,1.1180260112586364
removal_16_6,MinMax_minus_FP_on_survivors,paired_messages,6000,845,845,845,845,190.61828404586447,1.3854036207464033,153.35145336476128,244.3645655734433,1.2967731215986666,1.5089001722976543
removal_16_6,FP_removal_on_survivors,spatial_1000m,6000,845,39,221,2284,170.2859951201366,1.5250750501414256,114.99893938563031,289.64933768834396,1.3511085256242321,1.863282816749783
removal_16_6,MinMax_removal_on_survivors,spatial_1000m,6000,845,39,221,2284,35.50055224131006,1.0546404741887243,-29.965161121696276,151.99547871435286,0.955696344718547,1.2382265802933363
removal_16_6,MinMax_minus_FP_on_survivors,spatial_1000m,6000,845,39,221,2284,190.61828404586447,1.3854036207464033,93.11872082714949,274.4594333193997,1.1514178887388031,1.6332725765061722
removal_16_7,FP_removal_on_survivors,paired_messages,6000,952,952,952,952,99.91042194683632,1.3389765035819745,57.75966246780698,132.22280170765774,1.1826615376247254,1.4655349454403972
removal_16_7,MinMax_removal_on_survivors,paired_messages,6000,952,952,952,952,85.95958518829593,1.1348281073814634,47.65818445937296,123.40868723836404,1.0744443451116752,1.1966945782451046
removal_16_7,MinMax_minus_FP_on_survivors,paired_messages,6000,952,952,952,952,328.85717189777836,1.8332842327232828,278.5672340121244,380.38304155500686,1.666270914056811,2.0381668397448878
removal_16_7,FP_removal_on_survivors,spatial_1000m,6000,952,30,283,2210,99.91042194683632,1.3389765035819745,61.044332096962805,168.96500005184026,1.2011041166780585,1.5887649969425561
removal_16_7,MinMax_removal_on_survivors,spatial_1000m,6000,952,30,283,2210,85.95958518829593,1.1348281073814634,1.7637987239215163,216.47148484207358,1.0029668855123681,1.3306676708290976
removal_16_7,MinMax_minus_FP_on_survivors,spatial_1000m,6000,952,30,283,2210,328.85717189777836,1.8332842327232828,132.59283440480033,466.9139819125188,1.2911322779657206,2.279254081939461
removal_10_0,FP_removal_on_survivors,paired_messages,6000,177,177,177,177,86.95317276382852,1.358361693808653,16.57224093584341,125.86619490560312,1.0652376487880952,1.5426204281863771
removal_10_0,MinMax_removal_on_survivors,paired_messages,6000,177,177,177,177,-249.4299924096954,0.6496568999672053,-349.0307131965314,-173.1979686107506,0.5665467896632528,0.7327185710077921
removal_10_0,MinMax_minus_FP_on_survivors,paired_messages,6000,177,177,177,177,132.93521941586533,1.403330233936098,84.42655225614794,200.18304962406972,1.2353145541042063,1.7418187725452796
removal_10_0,FP_removal_on_survivors,spatial_1000m,6000,177,17,20,715,86.95317276382852,1.358361693808653,30.032184447108875,213.77481470991188,1.1014353883316583,1.6264500796132075
removal_10_0,MinMax_removal_on_survivors,spatial_1000m,6000,177,17,20,715,-249.4299924096954,0.6496568999672053,-291.9755594550633,87.76219146920423,0.5950105178648232,1.125453457755015
removal_10_0,MinMax_minus_FP_on_survivors,spatial_1000m,6000,177,17,20,715,132.93521941586533,1.403330233936098,-42.43732555076025,261.90497328155936,0.9218040769365609,1.7683999916628013
removal_10_1,FP_removal_on_survivors,paired_messages,6000,213,213,213,213,-1.802914357423795,0.953863898998361,-19.041028164313282,79.57629015385562,0.6461079892823854,2.654574719285293
removal_10_1,MinMax_removal_on_survivors,paired_messages,6000,213,213,213,213,248.6758482160867,1.373742340959311,45.383165280849084,379.53836857073304,1.0666118854222786,1.5869247911287103
removal_10_1,MinMax_minus_FP_on_survivors,paired_messages,6000,213,213,213,213,876.7676684770242,24.521440003293005,618.8778237978287,1009.5567518019251,6.367351673778874,49.36835547953014
removal_10_1,FP_removal_on_survivors,spatial_1000m,6000,213,24,45,622,-1.802914357423795,0.953863898998361,-11.390853991256144,489.16248405665436,0.7938624817851018,2.4094994845542685
removal_10_1,MinMax_removal_on_survivors,spatial_1000m,6000,213,24,45,622,248.6758482160867,1.373742340959311,-36.87992877963266,435.860063436103,0.8980974902139095,1.7156189831489228
removal_10_1,MinMax_minus_FP_on_survivors,spatial_1000m,6000,213,24,45,622,876.7676684770242,24.521440003293005,88.940420467134,1025.4277389498607,1.107006658923809,95.24794736069373
removal_10_2,FP_removal_on_survivors,paired_messages,6000,301,301,301,301,222.41798352252596,1.7166607958372933,147.28795870811928,317.3892556718674,1.4489291887042786,2.0907242156237156
removal_10_2,MinMax_removal_on_survivors,paired_messages,6000,301,301,301,301,582.4421233532797,1.7369465062546472,483.8761409749919,700.478297287207,1.6006242042574663,1.956915757199881
removal_10_2,MinMax_minus_FP_on_survivors,paired_messages,6000,301,301,301,301,840.0161085019937,2.5766920351503932,700.4620888785959,963.113750871712,2.1552608303568994,3.0492452673277843
removal_10_2,FP_removal_on_survivors,spatial_1000m,6000,301,26,68,983,222.41798352252596,1.7166607958372933,140.42698493037238,469.1827445900926,1.475172336106665,2.185938966579441
removal_10_2,MinMax_removal_on_survivors,spatial_1000m,6000,301,26,68,983,582.4421233532797,1.7369465062546472,18.800721994585754,723.1480399372101,1.0277761468318782,1.9160179872459877
removal_10_2,MinMax_minus_FP_on_survivors,spatial_1000m,6000,301,26,68,983,840.0161085019937,2.5766920351503932,-159.4396990946585,1130.9142798618655,0.8169467775625667,3.6973056342182287
removal_10_3,FP_removal_on_survivors,paired_messages,6000,228,228,228,228,235.15427323991963,1.7273575970457893,153.85424217608133,364.60281814473797,1.467158766796153,2.238780105876083
removal_10_3,MinMax_removal_on_survivors,paired_messages,6000,228,228,228,228,501.4646078576575,1.6134149019626947,349.9313890477789,635.009839391975,1.4156713095729776,1.8637623470531097
removal_10_3,MinMax_minus_FP_on_survivors,paired_messages,6000,228,228,228,228,760.5075547572885,2.3618095715946654,554.2802633702811,892.8410070656847,1.8617444645645747,2.8345436575876395
removal_10_3,FP_removal_on_survivors,spatial_1000m,6000,228,29,76,704,235.15427323991963,1.7273575970457893,118.59815660052466,559.6814484399108,1.4011789978321916,2.453408626539699
removal_10_3,MinMax_removal_on_survivors,spatial_1000m,6000,228,29,76,704,501.4646078576575,1.6134149019626947,106.89677332912444,719.3318994843478,1.1252760056762703,1.9346653346947542
removal_10_3,MinMax_minus_FP_on_survivors,spatial_1000m,6000,228,29,76,704,760.5075547572885,2.3618095715946654,47.72247732551382,1030.6622864633841,1.0534316507009862,3.5877894564447637
removal_10_4,FP_removal_on_survivors,paired_messages,6000,549,549,549,549,254.6438445134042,1.8203169249075402,198.60480874170696,325.8521362651607,1.5746551366940342,2.096522966541522
removal_10_4,MinMax_removal_on_survivors,paired_messages,6000,549,549,549,549,22.57451955865656,1.033540343124428,-30.279472598903205,91.96470730503816,0.9550382862356758,1.1375474024034606
removal_10_4,MinMax_minus_FP_on_survivors,paired_messages,6000,549,549,549,549,130.56509023512092,1.2310620146892963,53.5566874859428,198.91155797519875,1.0867847547187224,1.3648021487203164
removal_10_4,FP_removal_on_survivors,spatial_1000m,6000,549,24,116,1588,254.6438445134042,1.8203169249075402,206.65273648589522,411.7042194771727,1.536677271947415,2.100005429715694
removal_10_4,MinMax_removal_on_survivors,spatial_1000m,6000,549,24,116,1588,22.57451955865656,1.033540343124428,-78.61478318154661,166.4128556178954,0.8838521227324431,1.2475779313147561
removal_10_4,MinMax_minus_FP_on_survivors,spatial_1000m,6000,549,24,116,1588,130.56509023512092,1.2310620146892963,-19.144305401511133,226.00569988455538,0.9685161834054306,1.4103498356101167
removal_10_5,FP_removal_on_survivors,paired_messages,6000,722,722,722,722,171.30968917059374,1.572307115440985,133.36019110973808,207.44613664919854,1.4189284420470967,1.7294568555721714
removal_10_5,MinMax_removal_on_survivors,paired_messages,6000,722,722,722,722,223.69446085805635,1.372333019920618,168.4650120606436,262.12437445711726,1.2811647217994413,1.4498703371934165
removal_10_5,MinMax_minus_FP_on_survivors,paired_messages,6000,722,722,722,722,353.84438235469895,1.7518343148799,288.74745629807524,398.71376695307316,1.5981858253876733,1.8903443426056177
removal_10_5,FP_removal_on_survivors,spatial_1000m,6000,722,30,152,1630,171.30968917059374,1.572307115440985,86.07710537061628,275.3486282576925,1.3052925280588388,1.8900561085441723
removal_10_5,MinMax_removal_on_survivors,spatial_1000m,6000,722,30,152,1630,223.69446085805635,1.372333019920618,75.72216133129855,619.9462592579489,1.1485145879136522,1.8013879973625628
removal_10_5,MinMax_minus_FP_on_survivors,spatial_1000m,6000,722,30,152,1630,353.84438235469895,1.7518343148799,175.70378393429795,864.9474396119908,1.3885809908293258,2.650242060255544
removal_10_6,FP_removal_on_survivors,paired_messages,6000,240,240,240,240,102.04228564151407,1.3115464774412287,34.43423611727611,179.20015903489562,1.0996458073705717,1.603097685616485
removal_10_6,MinMax_removal_on_survivors,paired_messages,6000,240,240,240,240,10.472807770211148,1.015215338456138,-90.91993107880792,81.2155259099068,0.8825227064829466,1.12399762899508
removal_10_6,MinMax_minus_FP_on_survivors,paired_messages,6000,240,240,240,240,269.2017460334933,1.6266670416630842,189.18046034235113,358.1733238154236,1.3957590674954095,1.9479636064073174
removal_10_6,FP_removal_on_survivors,spatial_1000m,6000,240,20,24,827,102.04228564151407,1.3115464774412287,43.94245794984715,432.3484000376071,1.1452041122295282,2.185412261237661
removal_10_6,MinMax_removal_on_survivors,spatial_1000m,6000,240,20,24,827,10.472807770211148,1.015215338456138,-152.19126248540113,342.83831142862266,0.7871800673268435,1.4929103462240978
removal_10_6,MinMax_minus_FP_on_survivors,spatial_1000m,6000,240,20,24,827,269.2017460334933,1.6266670416630842,-53.46506482984819,334.23314190532403,0.9339044379399161,1.8785817875467272
removal_10_7,FP_removal_on_survivors,paired_messages,6000,350,350,350,350,70.53868547995825,1.2503333775614407,7.091615090262516,98.46892732101058,1.0219580517528746,1.3723035986484666
removal_10_7,MinMax_removal_on_survivors,paired_messages,6000,350,350,350,350,42.35630596535407,1.0533909529839798,-15.438631621958978,122.67644825045313,0.981562351125538,1.1691142916595794
removal_10_7,MinMax_minus_FP_on_survivors,paired_messages,6000,350,350,350,350,483.3622887346241,2.3719501655134274,438.25918194595226,539.6430108385398,2.1820428357381343,2.6959340981825526
removal_10_7,FP_removal_on_survivors,spatial_1000m,6000,350,26,67,965,70.53868547995825,1.2503333775614407,15.22217638285332,138.35685562639887,1.0378732173039003,1.3723133280720503
removal_10_7,MinMax_removal_on_survivors,spatial_1000m,6000,350,26,67,965,42.35630596535407,1.0533909529839798,-33.431887154810944,232.67881511590804,0.9595387490373412,1.3283471938108447
removal_10_7,MinMax_minus_FP_on_survivors,spatial_1000m,6000,350,26,67,965,483.3622887346241,2.3719501655134274,334.42907655745745,523.509669019842,1.6271924102511794,2.6864207956528436
removal_6_0,FP_removal_on_survivors,paired_messages,6000,130,130,130,130,191.79588240635712,1.6055754175212045,107.25299322406836,324.54005136407255,1.310308200837189,2.0789674857308165
removal_6_0,MinMax_removal_on_survivors,paired_messages,6000,130,130,130,130,1104.263135595786,2.4749676064716186,803.6113173037834,1251.4798286368493,1.9106469892236095,2.8125752861221684
removal_6_0,MinMax_minus_FP_on_survivors,paired_messages,6000,130,130,130,130,1344.4199114556404,3.6438279150864656,1090.2526848386067,1467.8530123165322,2.833360305860047,4.246815369406819
removal_6_0,FP_removal_on_survivors,spatial_1000m,6000,130,8,9,463,191.79588240635712,1.6055754175212045,113.48030749107375,967.2510708218316,1.2355270359478279,3.2897432131512145
removal_6_0,MinMax_removal_on_survivors,spatial_1000m,6000,130,8,9,463,1104.263135595786,2.4749676064716186,689.0680509617464,1455.140449513284,1.8274552580003955,2.83692178756945
removal_6_0,MinMax_minus_FP_on_survivors,spatial_1000m,6000,130,8,9,463,1344.4199114556404,3.6438279150864656,586.167747214115,1603.2151677300435,1.4236787185902957,5.088908846564673
removal_6_1,FP_removal_on_survivors,paired_messages,6000,32,32,32,32,187.2592592745765,1.5615552273710909,-69.08337660825339,412.16734788109994,0.8216955755256673,2.860903109763379
removal_6_1,MinMax_removal_on_survivors,paired_messages,6000,32,32,32,32,895.0782632149674,2.2219213197058774,84.58350416844624,1033.7314531417264,1.1188002861375093,2.5799722316251334
removal_6_1,MinMax_minus_FP_on_survivors,paired_messages,6000,32,32,32,32,1106.8706683481287,3.1256350550378778,412.00813523307687,1380.330326040531,1.8080102374971152,5.300453456777021
removal_6_1,FP_removal_on_survivors,spatial_1000m,6000,32,10,10,84,187.2592592745765,1.5615552273710909,-20.52855427237705,613.0031943728857,0.9391578111053956,2.8558696433720274
removal_6_1,MinMax_removal_on_survivors,spatial_1000m,6000,32,10,10,84,895.0782632149674,2.2219213197058774,3.0699492424347454,1084.837400292149,1.0040935332531886,2.7751433112130046
removal_6_1,MinMax_minus_FP_on_survivors,spatial_1000m,6000,32,10,10,84,1106.8706683481287,3.1256350550378778,242.02007681058694,1395.5179174184846,1.326947705141759,5.706501366687071
removal_6_2,FP_removal_on_survivors,paired_messages,6000,25,25,25,25,13.805006053039278,1.0228693346675246,-224.71803460671356,381.605095819592,0.6752239373439995,2.34959085066745
removal_6_2,MinMax_removal_on_survivors,paired_messages,6000,25,25,25,25,-3.9192085653724007,0.9966285616078434,-225.45455197276738,218.7361138881472,0.816355501730103,1.1978351191581562
removal_6_2,MinMax_minus_FP_on_survivors,paired_messages,6000,25,25,25,25,541.1024815272847,1.876347385689468,243.2335160915818,870.2204133553147,1.3249415504149225,2.8130228412471365
removal_6_2,FP_removal_on_survivors,spatial_1000m,6000,25,6,6,46,13.805006053039278,1.0228693346675246,-225.5870435313683,268.3602481013611,0.6737029317140564,1.5222575286676683
removal_6_2,MinMax_removal_on_survivors,spatial_1000m,6000,25,6,6,46,-3.9192085653724007,0.9966285616078434,-225.45455197276738,353.03097448041103,0.816355501730103,1.2714945384904779
removal_6_2,MinMax_minus_FP_on_survivors,spatial_1000m,6000,25,6,6,46,541.1024815272847,1.876347385689468,185.55266038872514,1072.6622094397705,1.2453033590198446,3.046190403001045
removal_6_3,FP_removal_on_survivors,paired_messages,6000,274,274,274,274,141.27463713778377,1.5090503895501761,64.10265059689063,186.5974723621192,1.221034869591988,1.6973532648329785
removal_6_3,MinMax_removal_on_survivors,paired_messages,6000,274,274,274,274,250.38490717822958,1.3004507365361189,160.93352441736062,330.5270424013532,1.1784087720344112,1.4208566968288028
removal_6_3,MinMax_minus_FP_on_survivors,paired_messages,6000,274,274,274,274,664.9486945494804,2.587745788988648,600.592741257126,758.078512308225,2.3176592214092535,3.1444162552099666
removal_6_3,FP_removal_on_survivors,spatial_1000m,6000,274,19,36,1134,141.27463713778377,1.5090503895501761,67.86865988965826,347.18486056190824,1.2520832759040699,1.8617723057583897
removal_6_3,MinMax_removal_on_survivors,spatial_1000m,6000,274,19,36,1134,250.38490717822958,1.3004507365361189,129.03322579567137,408.1089156096287,1.1733282449407922,1.4737717997088837
removal_6_3,MinMax_minus_FP_on_survivors,spatial_1000m,6000,274,19,36,1134,664.9486945494804,2.587745788988648,115.2627451747422,758.015393721871,1.151498802419348,3.228120463011055
removal_6_4,FP_removal_on_survivors,paired_messages,6000,12,12,12,12,-100.15425013699593,0.7359553969285201,-277.5047131467423,83.07936986367918,0.23561295982032174,1.2499262325718015
removal_6_4,MinMax_removal_on_survivors,paired_messages,6000,12,12,12,12,40.39405000881584,1.0309729267355352,-31.678878990348494,254.66129104005404,0.9754753174181031,1.2277485046402703
removal_6_4,MinMax_minus_FP_on_survivors,paired_messages,6000,12,12,12,12,1065.4130709989618,4.816580593377045,611.4493749814367,1310.8008758629192,1.8810242621618638,20.406637457843622
removal_6_4,FP_removal_on_survivors,spatial_1000m,6000,12,4,4,32,-100.15425013699593,0.7359553969285201,-268.95444802625605,178.3243741126645,0.2753872780517513,1.2833858532449416
removal_6_4,MinMax_removal_on_survivors,spatial_1000m,6000,12,4,4,32,40.39405000881584,1.0309729267355352,-73.70058815385096,1142.6841331026867,0.9112075343519139,1.732701802715385
removal_6_4,MinMax_minus_FP_on_survivors,spatial_1000m,6000,12,4,4,32,1065.4130709989618,4.816580593377045,117.35165539381364,2600.0173436297323,1.1453113141340039,26.43663130030021
removal_6_5,FP_removal_on_survivors,paired_messages,6000,92,92,92,92,71.61172677631032,1.1981556700400853,-73.91904850229696,262.8769395381198,0.8452630684004823,1.7832590952893432
removal_6_5,MinMax_removal_on_survivors,paired_messages,6000,92,92,92,92,540.2927895992823,1.5844574453879345,256.8356948978691,775.3753084268744,1.264738589354984,1.9263447110814644
removal_6_5,MinMax_minus_FP_on_survivors,paired_messages,6000,92,92,92,92,1031.724584729955,3.3827193395839616,718.151241251629,1220.5137631137193,2.339749651254822,4.029547162081026
removal_6_5,FP_removal_on_survivors,spatial_1000m,6000,92,13,18,250,71.61172677631032,1.1981556700400853,-117.80269692039279,554.9329063652804,0.7704216545851602,2.4692934182039337
removal_6_5,MinMax_removal_on_survivors,spatial_1000m,6000,92,13,18,250,540.2927895992823,1.5844574453879345,-148.07226853241588,970.736777764422,0.8160803178127921,2.2548896927127156
removal_6_5,MinMax_minus_FP_on_survivors,spatial_1000m,6000,92,13,18,250,1031.724584729955,3.3827193395839616,208.76297233483848,1195.547583392753,1.3762955731549424,3.8120923236723163
removal_6_6,FP_removal_on_survivors,paired_messages,6000,54,54,54,54,392.0744949921466,1.949220661107042,97.0425558213118,592.9865032474414,1.195234954312422,3.4287826799224055
removal_6_6,MinMax_removal_on_survivors,paired_messages,6000,54,54,54,54,500.4836620390622,1.8178518439620845,208.90009186938505,694.3624815692215,1.3314634128546075,2.3180955343480205
removal_6_6,MinMax_minus_FP_on_survivors,paired_messages,6000,54,54,54,54,307.30937869407205,1.3816923004544013,17.302402416426467,572.4621296681709,1.0203757201316583,1.9671451744712505
removal_6_6,FP_removal_on_survivors,spatial_1000m,6000,54,13,13,124,392.0744949921466,1.949220661107042,181.2870203443744,647.8579416192814,1.3759544746749948,3.9980791405717264
removal_6_6,MinMax_removal_on_survivors,spatial_1000m,6000,54,13,13,124,500.4836620390622,1.8178518439620845,103.27632223031947,741.4692896323849,1.156511308468306,2.3531006113162265
removal_6_6,MinMax_minus_FP_on_survivors,spatial_1000m,6000,54,13,13,124,307.30937869407205,1.3816923004544013,-18.13726972362008,585.9953747913733,0.9762703353252519,1.7441748464748967
removal_6_7,FP_removal_on_survivors,paired_messages,6000,4,4,4,4,512.6980525573032,3.525359036843971,-163.69722182632398,1247.2936739421589,0.3147348936440414,17.491431104754366
removal_6_7,MinMax_removal_on_survivors,paired_messages,6000,4,4,4,4,683.5317233024989,1.600352456839286,-91.21903824822425,3257.8562110986204,0.9516257346238085,4.063721453779713
removal_6_7,MinMax_minus_FP_on_survivors,paired_messages,6000,4,4,4,4,1106.3645272135402,2.545810855029315,443.1732596227066,4246.037505873029,1.3349946175435903,57.47500016732291
removal_6_7,FP_removal_on_survivors,spatial_1000m,6000,4,3,3,6,512.6980525573032,3.525359036843971,-80.33331505909894,1247.2936739421589,0.6043081066287941,17.491431104754366
removal_6_7,MinMax_removal_on_survivors,spatial_1000m,6000,4,3,3,6,683.5317233024989,1.600352456839286,-91.21903824822425,1946.9054273464649,0.9516257346238085,2.7099856768811907
removal_6_7,MinMax_minus_FP_on_survivors,spatial_1000m,6000,4,3,3,6,1106.3645272135402,2.545810855029315,443.1732596227066,2962.7695988739083,1.3349946175435903,25.14909851887023
