scope,model,n,inclusive_coverage,strict_overestimation_fraction,equal_fraction,miscovered,mean_positive_undercoverage_m,cvar95_positive_undercoverage_m,max_positive_undercoverage_m,finite_radii,mean_radius_m,mean_absolute_error_estimation_m,radius_q0.5_m,positive_undercoverage_q0.5_m,radius_q0.9_m,positive_undercoverage_q0.9_m,radius_q0.95_m,positive_undercoverage_q0.95_m,radius_q0.99_m,positive_undercoverage_q0.99_m
train_1,DD,19381,0.90599040297198286,0.90599040297198286,0,1822,6.5998054973523486,128.22678922122495,1226.5818585712664,19381,270.90859338079878,172.83001136540548,251.51667717916928,0,562.82532222413272,0,662.02916719803386,12.724501718542047,882.94995086937763,197.33366445103303
train_1,DDL,19381,0.91718693565863474,0.91718693565863474,0,1605,4.5312617003495461,89.051315427933105,1119.5483173383918,19381,260.46016621564996,158.24449660625103,238.77318183474225,0,547.218306451432,0,651.93859138104369,6.4699842134042456,880.93398388010291,139.99543967372927
train_1,constant_mean,19381,0.90315257210670241,0.90315257210670241,0,1877,15.055882228756619,261.25936167280827,1473.3588521838674,19381,274.94134270866476,193.77491415608009,274.94134270866482,0,274.94134270866482,0,274.94134270866482,99.84893694883533,274.94134270866482,340.99774165727234
train_1,constant_median,19381,0.78876218977348955,0.78876218977348955,0,4094,29.78471886349525,362.5878075242523,1574.6872980353114,19381,173.61289685722073,121.90414157411328,173.61289685722076,0,173.61289685722076,95.36000345796478,173.61289685722076,201.17738280027939,173.61289685722076,442.32618750871637
train_2,DD,19381,0.61508694081832727,0.61508694081832727,0,7460,27.025306621790644,305.01876991385745,1774.3457986451958,19381,274.94134270866482,54.050613243581282,213.44883637402611,0,624.63677481822879,80.587219971813397,802.94862732135766,154.05063091469856,1214.6771735148225,384.51361862761439
train_2,DDL,19381,0.63262989525824265,0.63262989525824265,0,7120,22.662999545361004,270.49689481065377,1548.9087329219105,19381,274.94134270866482,45.325999090722007,208.34333310157911,0,629.36609392028038,64.263196110131162,817.78200571083596,129.58580434451335,1242.7112192600771,354.40750221068527
train_2,constant_mean,19381,0.64005985243279495,0.64005985243279495,0,6976,116.63153664087129,1026.5219754411296,4534.6416345366406,19381,274.94134270866476,233.26307328174266,274.94134270866482,0,274.94134270866482,402.47007935512704,274.94134270866482,640.64391363031541,274.94134270866482,1243.9154568984782
train_2,constant_median,19381,0.50002579846241169,0.49997420153758837,5.159692482328053e-05,9690,159.83899415402462,1127.8504212925736,4635.9700803880842,19381,173.61289685722073,218.34954245660518,173.61289685722076,0,173.61289685722076,503.79852520657107,173.61289685722076,741.97235948175944,173.61289685722076,1345.2439027499222
val,DD,8306,0.60642908740669399,0.60642908740669399,0,3269,75.011200818859891,797.67827928417864,2348.1552273854622,8306,272.86717277374839,149.34817256477015,252.20042160090952,0,562.8330625783974,237.23253761141493,659.77650293566489,441.40149094567812,886.20574022345045,1054.3622115666944
val,DDL,8306,0.62220081868528776,0.62220081868528776,0,3138,68.909224286148657,762.73364289151141,2447.6249465339151,8306,273.48335058755106,137.76039731315029,249.27545791113346,0,572.7569020511869,214.15131171837402,685.02447940725369,407.38308700925256,908.86201606128122,1003.8133045516773
val,constant_mean,8306,0.64266795087888273,0.64266795087888273,0,2968,115.99722093239563,1031.8156189600702,2686.9689927484219,8306,274.94134270866482,233.39438272675801,274.94134270866482,0,274.94134270866482,387.44659289647939,274.94134270866482,635.0465396723157,274.94134270866482,1271.7210687238041
val,constant_median,8306,0.5049361907055141,0.5049361907055141,0,4112,158.8334297720213,1133.1440648115142,2788.2974385998659,8306,173.61289685722068,217.73835455456529,173.61289685722076,0,173.61289685722076,488.77503874792342,173.61289685722076,736.37498552375973,173.61289685722076,1373.0495145752482
test,DD,8307,0.61032863849765262,0.61032863849765262,0,3237,72.34272086319794,748.22156782479362,3080.8089570494917,8307,277.04670795358641,147.45912866828689,257.52018709329695,0,575.71652399494974,238.10094098638979,680.23692910835587,407.37277102557886,889.29538515525689,925.58231212792498
test,DDL,8307,0.61899602744673166,0.61899602744673166,0,3165,66.193104928593385,708.99253735169623,3329.8418451458492,8307,277.73327835712217,135.84646720261358,253.81814010941227,0,584.69388886483807,216.81848750285798,698.77060311086075,386.0467072120145,959.24314774500442,873.87890663431926
test,constant_mean,8307,0.64367400987119294,0.64367400987119294,0,2960,116.11306388682665,1010.8602644254183,3311.2231838761618,8307,274.94134270866482,232.89444947062279,274.94134270866482,0,274.94134270866482,397.72098249841213,274.94134270866482,636.97202667110059,274.94134270866482,1239.5612302752118
test,constant_median,8307,0.49620801733477787,0.49620801733477787,0,4185,159.34609294757084,1112.1887102768624,3412.5516297276058,8307,173.6128968572207,218.03206174066705,173.61289685722076,2.1488155882830426,173.61289685722076,499.04942834985616,173.61289685722076,738.30047252254462,173.61289685722076,1340.8896761266558
primary_calibration,DD,8286,0.60584117789041758,0.60584117789041758,0,3266,75.186924638037851,798.53772461024255,2348.1552273854622,8286,273.13293673004097,149.49863788984902,252.5982996494763,0,563.10956724302673,237.54545513955324,660.10227778349372,441.62274141040132,886.82296925749915,1054.7687146737007
primary_calibration,DDL,8286,0.62165097755249821,0.62165097755249821,0,3135,69.071812950482368,763.5897174524348,2447.6249465339151,8286,273.7763385915402,137.9118163762372,249.59811961527333,0,572.9492106799637,215.55426229707936,687.29497401830793,408.08507658649972,908.95630254059915,1004.0107675578881
primary_calibration,constant_mean,8286,0.64192614047791452,0.64192614047791452,0,2967,116.27192212170003,1032.7728610654228,2686.9689927484219,8286,274.94134270866476,233.47703883579723,274.94134270866482,0,274.94134270866482,387.95941940849843,274.94134270866482,635.23819005050825,274.94134270866482,1272.4823521103879
primary_calibration,constant_median,8286,0.50422399227612846,0.50422399227612846,0,4108,159.17309173981158,1134.1013069168671,2788.2974385998659,8286,173.6128968572207,217.95093222057631,173.61289685722076,0,173.61289685722076,489.28786525994246,173.61289685722076,736.56663590195228,173.61289685722076,1373.8107979618319
primary_test,DD,8275,0.60954682779456193,0.60954682779456193,0,3231,72.555703301497331,749.52980531414664,3080.8089570494917,8275,277.38748137137281,147.73411533939611,257.77854513999796,0,575.73801393028066,238.4512822413343,680.0257720915024,410.73924850464795,889.77246784307249,928.74105637112223
primary_test,DDL,8275,0.61824773413897283,0.61824773413897283,0,3159,66.404014014839689,710.2379279749357,3329.8418451458492,8275,278.11005261900362,136.15330801371164,254.30644529240053,0,584.83447033216203,217.59505585344385,698.82140924094563,387.0654931997118,959.88485617318577,875.43405793429588
primary_test,constant_mean,8275,0.64277945619335353,0.64277945619335353,0,2956,116.38578829061125,1012.0908793627499,3311.2231838761618,8275,274.94134270866471,232.94814665491592,274.94134270866482,0,274.94134270866482,398.38056935415739,274.94134270866482,637.52740249958242,274.94134270866482,1239.8052371568299
primary_test,constant_median,8275,0.49546827794561932,0.49546827794561932,0,4175,159.70256370916573,1113.419325214194,3412.5516297276058,8275,173.6128968572207,218.25325164058086,173.61289685722076,2.7112288403225193,173.61289685722076,499.70901520560142,173.61289685722076,738.85584835102645,173.61289685722076,1341.1336830082739
