scope,model,alpha,n,inclusive_coverage,strict_overestimation_fraction,equal_fraction,miscovered,mean_positive_undercoverage_m,cvar95_positive_undercoverage_m,max_positive_undercoverage_m,finite_radii,mean_radius_m,mean_absolute_error_estimation_m,radius_q0.5_m,positive_undercoverage_q0.5_m,radius_q0.9_m,positive_undercoverage_q0.9_m,radius_q0.95_m,positive_undercoverage_q0.95_m,radius_q0.99_m,positive_undercoverage_q0.99_m
primary_test,DD,0.10000000000000001,8275,0.89945619335347426,0.89945619335347426,0,832,29.336068120198973,511.45037204855822,2842.7295237839035,8275,515.46691463696129,299.3742782423879,495.85797840558649,0,813.81744719586914,0.37184897574570547,918.10520535709088,172.65981523905941,1127.851901108661,690.66162310553364
native_all_test,DD,0.10000000000000001,8307,0.89984350547730829,0.89984350547730829,0,832,29.223060514583665,510.14213455920509,2842.7295237839035,8307,515.126141219175,299.29924123664694,495.59962035888549,0,813.79595726053833,0.021507720801266603,918.31636237394446,169.29333775999032,1127.3748184208455,687.50287886233639
primary_test,DDL,0.10000000000000001,8275,0.89921450151057403,0.89921450151057403,0,834,28.513818384126136,493.76104830886817,3113.3649654797819,8275,494.58693228507116,276.84979641835201,470.78332495846809,0,801.31134999822962,1.118176187376275,915.29828890701322,170.58861353364421,1176.3617358392532,658.95717826822829
native_all_test,DDL,0.10000000000000001,8307,0.89960274467316725,0.89960274467316725,0,834,28.403978226633413,492.51565768562864,3113.3649654797819,8307,494.21015802318971,276.74509346476123,470.29501977547983,0,801.17076853090566,0.34160783679043216,915.24748277692834,169.56982754594694,1175.7200274110719,657.40202696825168
primary_test,constant,0.10000000000000001,8275,0.89667673716012086,0.89667673716012086,0,855,37.254866182655967,623.65369338551943,2922.7859978989313,8275,663.37852868589539,463.12348841623583,663.37852868589528,0,663.37852868589528,9.9433833769269473,663.37852868589528,249.09021652235197,663.37852868589528,851.36805117959932
native_all_test,constant,0.10000000000000001,8307,0.89695437582761528,0.89695437582761528,0,856,37.151941313191109,622.42307844818788,2922.7859978989313,8307,663.37852868589539,463.40939030058217,663.37852868589528,0,663.37852868589528,9.2837965211816975,663.37852868589528,248.53484069387017,663.37852868589528,851.12404429798107
primary_test,DD,0.050000000000000003,8275,0.95444108761329305,0.95444108761329305,0,377,15.428724606223463,308.57449212446897,2638.5103837105589,8275,719.68605471030548,475.77873128778111,700.07711847893074,0,1018.0365872692134,0,1122.3243454304352,0,1332.0710411820053,486.44248303218939
native_all_test,DD,0.050000000000000003,8307,0.95461658841940533,0.95461658841940533,0,377,15.369290491934413,307.38580983868798,2638.5103837105589,8307,719.34528129251919,475.81084126469267,699.81876043222974,0,1018.0150973338825,0,1122.5355024472888,0,1331.5939584941898,483.2837387889922
primary_test,DDL,0.050000000000000003,8275,0.95395770392749246,0.95395770392749246,0,381,14.997428053433108,299.94856106866189,2918.4444043749349,8275,689.50749338991784,444.73757686181256,665.70388606331471,0,996.23191110307619,0,1110.2188500118596,0,1371.2822969440999,464.03661716338166
native_all_test,DDL,0.050000000000000003,8307,0.95413506681112314,0.95413506681112314,0,381,14.939655368022027,298.79310736044027,2918.4444043749349,8307,689.1307191280365,444.73700885238503,665.21558088032646,0,996.09132963575223,0,1110.1680438817748,0,1370.6405885159186,462.48146586340505
primary_test,constant,0.050000000000000003,8275,0.94996978851963743,0.94996978851963743,0,414,18.715511041964408,374.30978779291138,2673.442092306323,8275,912.7224342785031,675.38868372746083,912.72243427850333,0,912.72243427850333,0,912.72243427850333,0.2150075259528095,912.72243427850333,602.02414558699127
native_all_test,constant,0.050000000000000003,8307,0.95004213314072472,0.95004213314072472,0,415,18.65398685372136,373.07973707442687,2673.442092306323,8307,912.7224342785031,675.75738697425061,912.72243427850333,0,912.72243427850333,0,912.72243427850333,0,912.72243427850333,601.78013870537302
primary_test,DD,0.01,8275,0.99311178247734144,0.99311178247734144,0,57,2.9614869443863103,59.229738887726157,2020.780130004626,8275,1337.4163084162385,1068.5745096700398,1317.8073721848637,0,1635.7668409751464,0,1740.0545991363679,0,1949.8012948879382,0
native_all_test,DD,0.01,8307,0.99313831708197908,0.99313831708197908,0,57,2.95007878473537,59.001575694707348,2020.780130004626,8307,1337.0755349984522,1068.7026715562276,1317.5490141381626,0,1635.7453510398154,0,1740.2657561532214,0,1949.3242122001227,0
primary_test,DDL,0.01,8275,0.99299093655589121,0.99299093655589121,0,58,3.106803375796813,62.136067515936205,2316.601973948149,8275,1291.3499238167037,1022.798757933326,1267.5463164901005,0,1598.0743415298621,0,1712.0612804386456,0,1973.1247273708859,0
native_all_test,DDL,0.01,8307,0.99301793667990856,0.99301793667990856,0,58,3.0948354321317715,61.896708642635375,2316.601973948149,8307,1290.9731495548222,1022.8897994073903,1267.0580113071123,0,1597.9337600625381,0,1712.0104743085608,0,1972.4830189427046,0
primary_test,constant,0.01,8275,0.99141993957703922,0.99141993957703922,0,71,3.6785543498065008,73.571086996129949,2018.8286474385909,8275,1567.3358791462356,1299.9282152108772,1567.3358791462356,0,1567.3358791462356,0,1567.3358791462356,0,1567.3358791462356,0
native_all_test,constant,0.01,8307,0.99145299145299148,0.99145299145299148,0,71,3.6643839225531232,73.287678451062405,2018.8286474385909,8307,1567.3358791462356,1300.3916259796465,1567.3358791462356,0,1567.3358791462356,0,1567.3358791462356,0,1567.3358791462356,0
primary_test,DD,0.001,8275,0.99951661631419941,0.99951661631419941,0,4,0.20629526238301821,4.1259052476603602,1018.1085410680753,8275,2340.0878973527892,2065.7357152425839,2320.4789611214146,0,2638.4384299116973,0,2742.7261880729188,0,2952.4728838244887,0
native_all_test,DD,0.001,8307,0.99951847839171781,0.99951847839171781,0,4,0.20550057737082889,4.1100115474165744,1018.1085410680753,8307,2339.7471239350029,2065.8851040780492,2320.2206030747134,0,2638.4169399763664,0,2742.9373450897724,0,2951.995801136673,0
primary_test,DDL,0.001,8275,0.99915407854984895,0.99915407854984895,0,7,0.2872283064023346,5.7445661280466869,1334.7597871456028,8275,2273.1921106192499,1999.0017945970835,2249.3885032926473,0,2579.9165283324087,0,2693.9034672411922,0,2954.9669141734325,0
native_all_test,DDL,0.001,8307,0.99915733718550614,0.99915733718550614,0,7,0.28612185331399048,5.722437066279805,1334.7597871456028,8307,2272.8153363573688,1999.1145590523015,2248.900198109659,0,2579.7759468650847,0,2693.8526611111074,0,2954.325205745251,0
primary_test,constant,0.001,8275,0.99903323262839883,0.99903323262839883,0,8,0.19570991941702376,3.9141983883404716,943.68440200018676,8275,2642.4801245846397,2368.1067717885026,2642.4801245846397,0,2642.4801245846397,0,2642.4801245846397,0,2642.4801245846397,0
native_all_test,constant,0.001,8307,0.99903695678343563,0.99903695678343563,0,8,0.19495601097578807,3.8991202195157579,943.68440200018676,8307,2642.4801245846397,2368.5970155948962,2642.4801245846397,0,2642.4801245846397,0,2642.4801245846397,0,2642.4801245846397,0
