experiment,contrast,numerator_arm,denominator_arm,scheme,n_messages,replicates,n_units,draw_size_min,draw_size_max,numerator_median_m,denominator_median_m,point_difference_m,point_ratio,difference_low_m,difference_high_m,ratio_low,ratio_high,numerator_worse_fraction,exact_ties,nonpositive_difference_draws
primary33,assignment:WCL_raw,rssfit_stable:WCL_raw,official:WCL_raw,paired_messages,2495,6000,2495,2495,2495,3619.222155773533,480.087194862526,3139.134960911007,7.53867671227912,3074.1299447586666,3203.726504697865,7.1576924665239705,7.980533108907765,0.9867735470941884,0,0
primary33,assignment:WCL_bc,rssfit_stable:WCL_bc,official:WCL_bc,paired_messages,2495,6000,2495,2495,2495,3105.1960755807986,584.7477072723235,2520.448368308475,5.310317658303659,2366.0886740598517,2626.610824125875,4.9778620144623416,5.642206455935701,0.9779559118236473,0,0
primary33,assignment:ABS_mean,rssfit_stable:ABS_mean,official:ABS_mean,paired_messages,2495,6000,2495,2495,2495,1243.1145988887747,527.7528095639876,715.3617893247871,2.3554864632853323,674.344054775657,785.9615694339271,2.249950912388089,2.5047061713866596,0.8100200400801604,0,0
primary33,assignment:DIFF_median,rssfit_stable:DIFF_median,official:DIFF_median,paired_messages,2495,6000,2495,2495,2495,1611.1747361540067,999.9148450881116,611.2598910658951,1.611311947280902,521.7583528822232,696.2020112450457,1.496476395952909,1.72553451093654,0.7058116232464929,0,0
primary33,assignment:HYBRID_mean,rssfit_stable:HYBRID_mean,official:HYBRID_mean,paired_messages,2495,6000,2495,2495,2495,1225.798663132137,576.2585578497786,649.5401052823585,2.127167824988177,595.6512571933333,697.9840443504299,1.989885943561376,2.262720744593005,0.7783567134268538,0,0
primary33,assignment:NLLS,rssfit_stable:NLLS,official:NLLS,paired_messages,2495,6000,2495,2495,2495,1201.8578931852549,524.8659538174048,676.99193936785,2.289837785141172,619.1690499858241,727.2126498571013,2.1599662489024727,2.411543287725513,0.8048096192384769,0,0
primary33,assignment:Trilat,rssfit_stable:Trilat,official:Trilat,paired_messages,2495,6000,2495,2495,2495,1708.859917853748,585.0264617546227,1123.8334560991252,2.9209959370530045,1028.0758748117946,1208.6842768286544,2.717349073839095,3.1208122399111993,0.7779559118236473,0,0
primary33,assignment:MinMax,rssfit_stable:MinMax,official:MinMax,paired_messages,2495,6000,2495,2495,2495,2078.502466169818,467.635802988949,1610.866663180869,4.444703448463154,1516.5111554034338,1759.4194337830966,4.188014042174192,4.813715156118384,0.9214428857715431,0,0
primary33,official_vs_raw:WCL_bc,official:WCL_bc,official:WCL_raw,paired_messages,2495,6000,2495,2495,2495,584.7477072723235,480.087194862526,104.66051240979749,1.2180031326179555,76.90048859017875,130.76303148601335,1.1574714551014051,1.2768811268173466,0.47935871743486974,0,0
primary33,official_vs_raw:ABS_mean,official:ABS_mean,official:WCL_raw,paired_messages,2495,6000,2495,2495,2495,527.7528095639876,480.087194862526,47.66561470146161,1.0992853281894153,16.509178186912685,76.6033887205831,1.0333356269456118,1.1671783084056098,0.4713426853707415,0,6
primary33,official_vs_raw:DIFF_median,official:DIFF_median,official:WCL_raw,paired_messages,2495,6000,2495,2495,2495,999.9148450881116,480.087194862526,519.8276502255856,2.0827775782989573,459.1350065919328,585.6314514010849,1.941319571732664,2.237125177123481,0.6376753507014028,0,0
primary33,official_vs_raw:HYBRID_mean,official:HYBRID_mean,official:WCL_raw,paired_messages,2495,6000,2495,2495,2495,576.2585578497786,480.087194862526,96.17136298725262,1.200320616788772,58.69027947743819,132.90977154489735,1.1188277529791983,1.2844249157125207,0.4917835671342685,0,0
primary33,official_vs_raw:NLLS,official:NLLS,official:WCL_raw,paired_messages,2495,6000,2495,2495,2495,524.8659538174048,480.087194862526,44.77875895487881,1.093272137715944,14.94962785062604,74.6163529913124,1.0299736108468325,1.1608740837500064,0.501002004008016,0,12
primary33,official_vs_raw:Trilat,official:Trilat,official:WCL_raw,paired_messages,2495,6000,2495,2495,2495,585.0264617546227,480.087194862526,104.93926689209667,1.218583765647293,70.95230651252318,137.75173813459045,1.1437396529151307,1.2946861146913713,0.5959919839679358,0,0
primary33,official_vs_raw:MinMax,official:MinMax,official:WCL_raw,paired_messages,2495,6000,2495,2495,2495,467.635802988949,480.087194862526,-12.451391873576995,0.9740643116358426,-39.98360980619659,13.194934600324599,0.9186886123314665,1.0284283817749142,0.3751503006012024,0,5178
primary33,official_vs_raw:FP_k3,coordinate_independent:FP_k3,official:WCL_raw,paired_messages,2495,6000,2495,2495,2495,219.29225647763056,480.087194862526,-260.79493838489543,0.45677589159699494,-284.30412013035266,-234.38810337771767,0.42849598753830653,0.4890628648089422,0.1871743486973948,0,6000
primary33,assignment:WCL_raw,rssfit_stable:WCL_raw,official:WCL_raw,spatial_500m,2495,6000,107,974,5800,3619.222155773533,480.087194862526,3139.134960911007,7.53867671227912,1081.7747530757877,3418.070928361854,5.193236953812923,10.145912411588515,0.9867735470941884,0,0
primary33,assignment:WCL_bc,rssfit_stable:WCL_bc,official:WCL_bc,spatial_500m,2495,6000,107,974,5800,3105.1960755807986,584.7477072723235,2520.448368308475,5.310317658303659,644.80737267359,2955.8027812328105,3.8642369218368304,7.143168509332171,0.9779559118236473,0,0
primary33,assignment:ABS_mean,rssfit_stable:ABS_mean,official:ABS_mean,spatial_500m,2495,6000,107,974,5800,1243.1145988887747,527.7528095639876,715.3617893247871,2.3554864632853323,652.9598629321923,1011.1671602649939,2.0125742868472045,3.769838190906513,0.8100200400801604,0,0
primary33,assignment:DIFF_median,rssfit_stable:DIFF_median,official:DIFF_median,spatial_500m,2495,6000,107,974,5800,1611.1747361540067,999.9148450881116,611.2598910658951,1.611311947280902,430.3608859533652,919.8804427724742,1.2950482816352165,4.172793826050226,0.7058116232464929,0,0
primary33,assignment:HYBRID_mean,rssfit_stable:HYBRID_mean,official:HYBRID_mean,spatial_500m,2495,6000,107,974,5800,1225.798663132137,576.2585578497786,649.5401052823585,2.127167824988177,574.076598407344,871.1329672708678,1.7577209200611743,3.7489375775744707,0.7783567134268538,0,0
primary33,assignment:NLLS,rssfit_stable:NLLS,official:NLLS,spatial_500m,2495,6000,107,974,5800,1201.8578931852549,524.8659538174048,676.99193936785,2.289837785141172,595.2349414268731,927.4079649013986,1.9569519442938057,4.184466807662272,0.8048096192384769,0,0
primary33,assignment:Trilat,rssfit_stable:Trilat,official:Trilat,spatial_500m,2495,6000,107,974,5800,1708.859917853748,585.0264617546227,1123.8334560991252,2.9209959370530045,936.7139703883864,1909.512682153767,2.532696902719136,4.980686680540195,0.7779559118236473,0,0
primary33,assignment:MinMax,rssfit_stable:MinMax,official:MinMax,spatial_500m,2495,6000,107,974,5800,2078.502466169818,467.635802988949,1610.866663180869,4.444703448463154,730.4877556536388,2715.4156016858565,3.6187264644166413,5.703476055136593,0.9214428857715431,0,0
primary33,official_vs_raw:WCL_bc,official:WCL_bc,official:WCL_raw,spatial_500m,2495,6000,107,974,5800,584.7477072723235,480.087194862526,104.66051240979749,1.2180031326179555,-62.90745371200398,221.56807911727,0.7083123115406881,1.3722082377531,0.47935871743486974,0,612
primary33,official_vs_raw:ABS_mean,official:ABS_mean,official:WCL_raw,spatial_500m,2495,6000,107,974,5800,527.7528095639876,480.087194862526,47.66561470146161,1.0992853281894153,-104.6849386327982,194.23407143026753,0.835763300396894,1.4458681769944026,0.4713426853707415,0,1476
primary33,official_vs_raw:DIFF_median,official:DIFF_median,official:WCL_raw,spatial_500m,2495,6000,107,974,5800,999.9148450881116,480.087194862526,519.8276502255856,2.0827775782989573,80.16927070322778,996.3905187781555,1.3914051280411324,2.716146644273938,0.6376753507014028,0,5
primary33,official_vs_raw:HYBRID_mean,official:HYBRID_mean,official:WCL_raw,spatial_500m,2495,6000,107,974,5800,576.2585578497786,480.087194862526,96.17136298725262,1.200320616788772,-48.60222398678208,257.287349523843,0.9174890310838382,1.57073800625536,0.4917835671342685,0,542
primary33,official_vs_raw:NLLS,official:NLLS,official:WCL_raw,spatial_500m,2495,6000,107,974,5800,524.8659538174048,480.087194862526,44.77875895487881,1.093272137715944,-108.30005943445413,175.53048116537096,0.8375551171316429,1.4277009203461506,0.501002004008016,0,1634
primary33,official_vs_raw:Trilat,official:Trilat,official:WCL_raw,spatial_500m,2495,6000,107,974,5800,585.0264617546227,480.087194862526,104.93926689209667,1.218583765647293,-1.333664941019365,280.6499208805024,0.9969572460995617,1.5269056166259583,0.5959919839679358,0,165
primary33,official_vs_raw:MinMax,official:MinMax,official:WCL_raw,spatial_500m,2495,6000,107,974,5800,467.635802988949,480.087194862526,-12.451391873576995,0.9740643116358426,-126.8667303557538,46.49013093207597,0.8180658499484201,1.1317404026623537,0.3751503006012024,0,4125
primary33,official_vs_raw:FP_k3,coordinate_independent:FP_k3,official:WCL_raw,spatial_500m,2495,6000,107,974,5800,219.29225647763056,480.087194862526,-260.79493838489543,0.45677589159699494,-418.90520364562843,-164.25452156794245,0.1707303891693657,0.5580360278802546,0.1871743486973948,0,6000
primary33,assignment:WCL_raw,rssfit_stable:WCL_raw,official:WCL_raw,spatial_1000m,2495,6000,39,672,5925,3619.222155773533,480.087194862526,3139.134960911007,7.53867671227912,757.2294311431957,3433.9273378721646,4.797535328452113,10.311971113769127,0.9867735470941884,0,0
primary33,assignment:WCL_bc,rssfit_stable:WCL_bc,official:WCL_bc,spatial_1000m,2495,6000,39,672,5925,3105.1960755807986,584.7477072723235,2520.448368308475,5.310317658303659,644.6114448813399,3015.523964599944,3.6113540920865166,7.544918169288732,0.9779559118236473,0,0
primary33,assignment:ABS_mean,rssfit_stable:ABS_mean,official:ABS_mean,spatial_1000m,2495,6000,39,672,5925,1243.1145988887747,527.7528095639876,715.3617893247871,2.3554864632853323,622.3341199908014,1089.1795665169418,1.9222049680482671,3.911987698662891,0.8100200400801604,0,0
primary33,assignment:DIFF_median,rssfit_stable:DIFF_median,official:DIFF_median,spatial_1000m,2495,6000,39,672,5925,1611.1747361540067,999.9148450881116,611.2598910658951,1.611311947280902,394.330933110348,938.6853053931926,1.251003362678672,4.403201928772264,0.7058116232464929,0,1
primary33,assignment:HYBRID_mean,rssfit_stable:HYBRID_mean,official:HYBRID_mean,spatial_1000m,2495,6000,39,672,5925,1225.798663132137,576.2585578497786,649.5401052823585,2.127167824988177,551.682869524012,939.2268253394599,1.716414598926944,3.97519708101971,0.7783567134268538,0,0
primary33,assignment:NLLS,rssfit_stable:NLLS,official:NLLS,spatial_1000m,2495,6000,39,672,5925,1201.8578931852549,524.8659538174048,676.99193936785,2.289837785141172,575.8088519960357,980.802742933534,1.9341266375888748,4.5650253513820855,0.8048096192384769,0,0
primary33,assignment:Trilat,rssfit_stable:Trilat,official:Trilat,spatial_1000m,2495,6000,39,672,5925,1708.859917853748,585.0264617546227,1123.8334560991252,2.9209959370530045,900.9786852201294,2035.9328876362001,2.404485001287704,5.212154957782692,0.7779559118236473,0,0
primary33,assignment:MinMax,rssfit_stable:MinMax,official:MinMax,spatial_1000m,2495,6000,39,672,5925,2078.502466169818,467.635802988949,1610.866663180869,4.444703448463154,696.0975958243788,2780.1111331486536,3.4909386894308083,5.919001464225737,0.9214428857715431,0,0
primary33,official_vs_raw:WCL_bc,official:WCL_bc,official:WCL_raw,spatial_1000m,2495,6000,39,672,5925,584.7477072723235,480.087194862526,104.66051240979749,1.2180031326179555,-64.7979363071298,237.99454782566744,0.7082648567132094,1.4125484754109037,0.47935871743486974,0,826
primary33,official_vs_raw:ABS_mean,official:ABS_mean,official:WCL_raw,spatial_1000m,2495,6000,39,672,5925,527.7528095639876,480.087194862526,47.66561470146161,1.0992853281894153,-189.8122245491013,263.56764326677006,0.7312409012051895,1.658627947872322,0.4713426853707415,0,1881
primary33,official_vs_raw:DIFF_median,official:DIFF_median,official:WCL_raw,spatial_1000m,2495,6000,39,672,5925,999.9148450881116,480.087194862526,519.8276502255856,2.0827775782989573,70.13692390853444,1089.2727641064891,1.348017212505075,2.9992643196047366,0.6376753507014028,0,19
primary33,official_vs_raw:HYBRID_mean,official:HYBRID_mean,official:WCL_raw,spatial_1000m,2495,6000,39,672,5925,576.2585578497786,480.087194862526,96.17136298725262,1.200320616788772,-127.7905517228432,323.88508228925537,0.7958799340311711,1.7721836966482813,0.4917835671342685,0,1168
primary33,official_vs_raw:NLLS,official:NLLS,official:WCL_raw,spatial_1000m,2495,6000,39,672,5925,524.8659538174048,480.087194862526,44.77875895487881,1.093272137715944,-187.21818453953395,237.55486195073587,0.7409493106479009,1.5994740500756477,0.501002004008016,0,2041
primary33,official_vs_raw:Trilat,official:Trilat,official:WCL_raw,spatial_1000m,2495,6000,39,672,5925,585.0264617546227,480.087194862526,104.93926689209667,1.218583765647293,-47.85201122892953,325.9521026024356,0.9157999380205318,1.6618005531651319,0.5959919839679358,0,503
primary33,official_vs_raw:MinMax,official:MinMax,official:WCL_raw,spatial_1000m,2495,6000,39,672,5925,467.635802988949,480.087194862526,-12.451391873576995,0.9740643116358426,-161.78618825434594,53.373888594374165,0.7973090930886966,1.1490372278038534,0.3751503006012024,0,4006
primary33,official_vs_raw:FP_k3,coordinate_independent:FP_k3,official:WCL_raw,spatial_1000m,2495,6000,39,672,5925,219.29225647763056,480.087194862526,-260.79493838489543,0.45677589159699494,-482.1406197956577,-150.6825718149868,0.16499273500508962,0.6049877867614613,0.1871743486973948,0,6000
primary33,assignment:WCL_raw,rssfit_stable:WCL_raw,official:WCL_raw,UTC_calendar_day,2495,6000,52,1280,3699,3619.222155773533,480.087194862526,3139.134960911007,7.53867671227912,3002.514933656545,3245.9395231088292,6.9646253005164205,8.468123000128301,0.9867735470941884,0,0
primary33,assignment:WCL_bc,rssfit_stable:WCL_bc,official:WCL_bc,UTC_calendar_day,2495,6000,52,1280,3699,3105.1960755807986,584.7477072723235,2520.448368308475,5.310317658303659,2178.010678523218,2686.387395678723,4.858982659137444,5.791379947185398,0.9779559118236473,0,0
primary33,assignment:ABS_mean,rssfit_stable:ABS_mean,official:ABS_mean,UTC_calendar_day,2495,6000,52,1280,3699,1243.1145988887747,527.7528095639876,715.3617893247871,2.3554864632853323,661.2216724693642,804.3171712052558,2.2312677334658853,2.5972417704303776,0.8100200400801604,0,0
primary33,assignment:DIFF_median,rssfit_stable:DIFF_median,official:DIFF_median,UTC_calendar_day,2495,6000,52,1280,3699,1611.1747361540067,999.9148450881116,611.2598910658951,1.611311947280902,520.5591262647177,696.4066281273474,1.4763269336767026,1.7388495442042164,0.7058116232464929,0,0
primary33,assignment:HYBRID_mean,rssfit_stable:HYBRID_mean,official:HYBRID_mean,UTC_calendar_day,2495,6000,52,1280,3699,1225.798663132137,576.2585578497786,649.5401052823585,2.127167824988177,597.3480536592907,711.0348612714479,1.9796041200080723,2.341099283837558,0.7783567134268538,0,0
primary33,assignment:NLLS,rssfit_stable:NLLS,official:NLLS,UTC_calendar_day,2495,6000,52,1280,3699,1201.8578931852549,524.8659538174048,676.99193936785,2.289837785141172,603.2173658791778,752.875323538536,2.158681821779473,2.473507663956843,0.8048096192384769,0,0
primary33,assignment:Trilat,rssfit_stable:Trilat,official:Trilat,UTC_calendar_day,2495,6000,52,1280,3699,1708.859917853748,585.0264617546227,1123.8334560991252,2.9209959370530045,990.8749797872217,1241.249867292715,2.7120915526584777,3.1446232446440288,0.7779559118236473,0,0
primary33,assignment:MinMax,rssfit_stable:MinMax,official:MinMax,UTC_calendar_day,2495,6000,52,1280,3699,2078.502466169818,467.635802988949,1610.866663180869,4.444703448463154,1376.0563052876714,1907.8533057139136,4.080542273246333,4.904193831754902,0.9214428857715431,0,0
primary33,official_vs_raw:WCL_bc,official:WCL_bc,official:WCL_raw,UTC_calendar_day,2495,6000,52,1280,3699,584.7477072723235,480.087194862526,104.66051240979749,1.2180031326179555,68.31112831986678,142.32383227677556,1.1519420539751766,1.2896871330838386,0.47935871743486974,0,0
primary33,official_vs_raw:ABS_mean,official:ABS_mean,official:WCL_raw,UTC_calendar_day,2495,6000,52,1280,3699,527.7528095639876,480.087194862526,47.66561470146161,1.0992853281894153,12.107068880314745,85.48036053289104,1.0237385802858838,1.1995756356894152,0.4713426853707415,0,24
primary33,official_vs_raw:DIFF_median,official:DIFF_median,official:WCL_raw,UTC_calendar_day,2495,6000,52,1280,3699,999.9148450881116,480.087194862526,519.8276502255856,2.0827775782989573,432.6181728198503,645.6603286393145,1.91305413968946,2.3126664585409027,0.6376753507014028,0,0
primary33,official_vs_raw:HYBRID_mean,official:HYBRID_mean,official:WCL_raw,UTC_calendar_day,2495,6000,52,1280,3699,576.2585578497786,480.087194862526,96.17136298725262,1.200320616788772,55.36758929044286,135.82750351438833,1.1119423422523844,1.3017513903755502,0.4917835671342685,0,0
primary33,official_vs_raw:NLLS,official:NLLS,official:WCL_raw,UTC_calendar_day,2495,6000,52,1280,3699,524.8659538174048,480.087194862526,44.77875895487881,1.093272137715944,10.786291853656333,80.76156366289361,1.0207377350045723,1.1884168361812109,0.501002004008016,0,28
primary33,official_vs_raw:Trilat,official:Trilat,official:WCL_raw,UTC_calendar_day,2495,6000,52,1280,3699,585.0264617546227,480.087194862526,104.93926689209667,1.218583765647293,68.4525545958483,147.57732706490165,1.1392424516518287,1.3181076626517854,0.5959919839679358,0,0
primary33,official_vs_raw:MinMax,official:MinMax,official:WCL_raw,UTC_calendar_day,2495,6000,52,1280,3699,467.635802988949,480.087194862526,-12.451391873576995,0.9740643116358426,-50.13801893633439,33.617538763857894,0.9009595836188065,1.0800267564856045,0.3751503006012024,0,4260
primary33,official_vs_raw:FP_k3,coordinate_independent:FP_k3,official:WCL_raw,UTC_calendar_day,2495,6000,52,1280,3699,219.29225647763056,480.087194862526,-260.79493838489543,0.45677589159699494,-294.3158332689149,-214.76905473438578,0.4266746484902821,0.49262186022588406,0.1871743486973948,0,6000
no71,assignment:WCL_raw,rssfit_stable:WCL_raw,official:WCL_raw,paired_messages,2493,6000,2493,2493,2493,3623.7337930322697,479.4601660745637,3144.273626957706,7.557945475847354,3080.4849557945286,3209.382881572009,7.208992569022643,8.023365893665622,0.9899719213798637,0,0
no71,assignment:WCL_bc,rssfit_stable:WCL_bc,official:WCL_bc,paired_messages,2493,6000,2493,2493,2493,3112.7412287798347,582.1997800181365,2530.541448761698,5.346517356435394,2388.428051715918,2638.636129426412,5.020506031823466,5.668533474055358,0.9787404733253109,0,0
no71,assignment:ABS_mean,rssfit_stable:ABS_mean,official:ABS_mean,paired_messages,2493,6000,2493,2493,2493,1244.7414770108212,527.690987738094,717.0504892727272,2.358845434041441,678.2771908685469,790.2254870361043,2.255871638302887,2.514501518379154,0.8110709987966306,0,0
no71,assignment:DIFF_median,rssfit_stable:DIFF_median,official:DIFF_median,paired_messages,2493,6000,2493,2493,2493,1611.4167897843547,1003.4028574107342,608.0139323736205,1.605951964241552,523.0657466354946,693.4058174590876,1.4958089198265772,1.7192600492926018,0.7059767348576013,0,0
no71,assignment:HYBRID_mean,rssfit_stable:HYBRID_mean,official:HYBRID_mean,paired_messages,2493,6000,2493,2493,2493,1225.798663132137,575.0609749615489,650.7376881705882,2.1315977200749874,596.7122863777103,698.0885953891315,1.9963119576357211,2.256409801745601,0.779783393501805,0,0
no71,assignment:NLLS,rssfit_stable:NLLS,official:NLLS,paired_messages,2493,6000,2493,2493,2493,1201.8578931852549,518.6011836162054,683.2567095690495,2.3174993254058953,621.9883233971677,732.8906954596641,2.174475920739321,2.4389976834092324,0.8038507821901324,0,0
no71,assignment:Trilat,rssfit_stable:Trilat,official:Trilat,paired_messages,2493,6000,2493,2493,2493,1708.859917853748,584.2565901583599,1124.603327695388,2.9248449168379422,1028.3517305891826,1210.9826062213172,2.7235217174024773,3.1280569000373664,0.7785800240673887,0,0
no71,assignment:MinMax,rssfit_stable:MinMax,official:MinMax,paired_messages,2493,6000,2493,2493,2493,2111.3614804502936,465.808146845612,1645.5533336046815,4.532684743167632,1521.6124009190164,1779.910289578074,4.210725469750356,4.844548187752543,0.9221821099077416,0,0
no71,official_vs_raw:WCL_bc,official:WCL_bc,official:WCL_raw,paired_messages,2493,6000,2493,2493,2493,582.1997800181365,479.4601660745637,102.7396139435728,1.2142818553305952,77.55841579934898,131.5919136587729,1.1596724049337535,1.2788107696692368,0.4817488969113518,0,0
no71,official_vs_raw:ABS_mean,official:ABS_mean,official:WCL_raw,paired_messages,2493,6000,2493,2493,2493,527.690987738094,479.4601660745637,48.23082166353032,1.1005940119247146,17.97662143949832,77.02116223150469,1.0366772165446205,1.1682273923771775,0.4717208182912154,0,7
no71,official_vs_raw:DIFF_median,official:DIFF_median,official:WCL_raw,paired_messages,2493,6000,2493,2493,2493,1003.4028574107342,479.4601660745637,523.9426913361706,2.0927762688312446,464.7252100675874,589.2080806855815,1.9584491249026867,2.2490176817802645,0.6401925391095066,0,0
no71,official_vs_raw:HYBRID_mean,official:HYBRID_mean,official:WCL_raw,paired_messages,2493,6000,2493,2493,2493,575.0609749615489,479.4601660745637,95.60080888698525,1.1993925995347814,60.474885318183965,133.81052524745374,1.1225837399265963,1.2879534927442107,0.49217809867629364,0,0
no71,official_vs_raw:NLLS,official:NLLS,official:WCL_raw,paired_messages,2493,6000,2493,2493,2493,518.6011836162054,479.4601660745637,39.1410175416417,1.0816355983482362,12.115451902149923,71.42799445852043,1.0247057888362896,1.155532872281016,0.48896911351785,0,23
no71,official_vs_raw:Trilat,official:Trilat,official:WCL_raw,paired_messages,2493,6000,2493,2493,2493,584.2565901583599,479.4601660745637,104.79642408379624,1.218571701048255,70.93222588601685,139.28084039172327,1.1437858133455867,1.2981734550374118,0.5972723626153229,0,0
no71,official_vs_raw:MinMax,official:MinMax,official:WCL_raw,paired_messages,2493,6000,2493,2493,2493,465.808146845612,479.4601660745637,-13.652019228951701,0.9715262701785562,-38.84661504696529,13.752129322339488,0.9206579638814624,1.0301261778836142,0.37625350982751704,0,5093
no71,official_vs_raw:FP_k3,coordinate_independent:FP_k3,official:WCL_raw,paired_messages,2493,6000,2493,2493,2493,219.29225647763056,479.4601660745637,-260.1679095969331,0.45737325432688214,-282.6800727286486,-233.96249856346864,0.42958793656633487,0.489940586423346,0.18772563176895307,0,6000
no71,assignment:WCL_raw,rssfit_stable:WCL_raw,official:WCL_raw,spatial_500m,2493,6000,107,974,5799,3623.7337930322697,479.4601660745637,3144.273626957706,7.557945475847354,1078.3569899366246,3424.4850184002394,5.222297464592236,10.190655426372631,0.9899719213798637,0,0
no71,assignment:WCL_bc,rssfit_stable:WCL_bc,official:WCL_bc,spatial_500m,2493,6000,107,974,5799,3112.7412287798347,582.1997800181365,2530.541448761698,5.346517356435394,644.8107115321459,2961.227545246987,3.8768716671426064,7.16167184085521,0.9787404733253109,0,0
no71,assignment:ABS_mean,rssfit_stable:ABS_mean,official:ABS_mean,spatial_500m,2493,6000,107,974,5799,1244.7414770108212,527.690987738094,717.0504892727272,2.358845434041441,654.3778230195916,1018.2179267203545,2.0175775651405754,3.775980248126413,0.8110709987966306,0,0
no71,assignment:DIFF_median,rssfit_stable:DIFF_median,official:DIFF_median,spatial_500m,2493,6000,107,974,5799,1611.4167897843547,1003.4028574107342,608.0139323736205,1.605951964241552,429.6638498789928,919.7281968646242,1.2932626717063385,4.179622343452816,0.7059767348576013,0,0
no71,assignment:HYBRID_mean,rssfit_stable:HYBRID_mean,official:HYBRID_mean,spatial_500m,2493,6000,107,974,5799,1225.798663132137,575.0609749615489,650.7376881705882,2.1315977200749874,574.6474240115634,874.1947836188748,1.7592509319606495,3.751869392758468,0.779783393501805,0,0
no71,assignment:NLLS,rssfit_stable:NLLS,official:NLLS,spatial_500m,2493,6000,107,974,5799,1201.8578931852549,518.6011836162054,683.2567095690495,2.3174993254058953,601.2435070522585,927.568510504218,1.9644639522636078,4.188448098219899,0.8038507821901324,0,0
no71,assignment:Trilat,rssfit_stable:Trilat,official:Trilat,spatial_500m,2493,6000,107,974,5799,1708.859917853748,584.2565901583599,1124.603327695388,2.9248449168379422,937.781405307869,1907.980145699506,2.530945917267358,4.982831636488107,0.7785800240673887,0,0
no71,assignment:MinMax,rssfit_stable:MinMax,official:MinMax,spatial_500m,2493,6000,107,974,5799,2111.3614804502936,465.808146845612,1645.5533336046815,4.532684743167632,730.4910647055998,2727.0977957480454,3.6245504873612076,5.721680521002335,0.9221821099077416,0,0
no71,official_vs_raw:WCL_bc,official:WCL_bc,official:WCL_raw,spatial_500m,2493,6000,107,974,5799,582.1997800181365,479.4601660745637,102.7396139435728,1.2142818553305952,-62.90745371200398,224.45547590413008,0.7086609589582705,1.3749478749124893,0.4817488969113518,0,612
no71,official_vs_raw:ABS_mean,official:ABS_mean,official:WCL_raw,spatial_500m,2493,6000,107,974,5799,527.690987738094,479.4601660745637,48.23082166353032,1.1005940119247146,-102.16733485484285,194.26563024739988,0.8410076339909957,1.4460240672874929,0.4717208182912154,0,1427
no71,official_vs_raw:DIFF_median,official:DIFF_median,official:WCL_raw,spatial_500m,2493,6000,107,974,5799,1003.4028574107342,479.4601660745637,523.9426913361706,2.0927762688312446,80.13457311705184,1000.9033960316178,1.3936489672448922,2.725185009023131,0.6401925391095066,0,5
no71,official_vs_raw:HYBRID_mean,official:HYBRID_mean,official:WCL_raw,spatial_500m,2493,6000,107,974,5799,575.0609749615489,479.4601660745637,95.60080888698525,1.1993925995347814,-45.16785582047647,257.287349523843,0.9224003198669672,1.571152689771767,0.49217809867629364,0,512
no71,official_vs_raw:NLLS,official:NLLS,official:WCL_raw,spatial_500m,2493,6000,107,974,5799,518.6011836162054,479.4601660745637,39.1410175416417,1.0816355983482362,-110.91669396673305,178.28858503757317,0.8283588707248604,1.430056432214211,0.48896911351785,0,1698
no71,official_vs_raw:Trilat,official:Trilat,official:WCL_raw,spatial_500m,2493,6000,107,974,5799,584.2565901583599,479.4601660745637,104.79642408379624,1.218571701048255,0.011903743271786383,281.734953567255,1.0000196319473036,1.529093737363183,0.5972723626153229,0,150
no71,official_vs_raw:MinMax,official:MinMax,official:WCL_raw,spatial_500m,2493,6000,107,974,5799,465.808146845612,479.4601660745637,-13.652019228951701,0.9715262701785562,-123.04403507846087,47.0420024521445,0.8200394737163722,1.1318352612580416,0.37625350982751704,0,4116
no71,official_vs_raw:FP_k3,coordinate_independent:FP_k3,official:WCL_raw,spatial_500m,2493,6000,107,974,5799,219.29225647763056,479.4601660745637,-260.1679095969331,0.45737325432688214,-414.09893229676385,-164.0268843786396,0.17079614848768823,0.5585582360554852,0.18772563176895307,0,6000
no71,assignment:WCL_raw,rssfit_stable:WCL_raw,official:WCL_raw,spatial_1000m,2493,6000,39,672,5919,3623.7337930322697,479.4601660745637,3144.273626957706,7.557945475847354,757.2294311431957,3443.3425435952727,4.8165692470937955,10.345627592062396,0.9899719213798637,0,0
no71,assignment:WCL_bc,rssfit_stable:WCL_bc,official:WCL_bc,spatial_1000m,2493,6000,39,672,5919,3112.7412287798347,582.1997800181365,2530.541448761698,5.346517356435394,644.6115552670768,3019.9257189892937,3.632262077962968,7.558113233874886,0.9787404733253109,0,0
no71,assignment:ABS_mean,rssfit_stable:ABS_mean,official:ABS_mean,spatial_1000m,2493,6000,39,672,5919,1244.7414770108212,527.690987738094,717.0504892727272,2.358845434041441,624.2627877454782,1095.3505740967594,1.9229951612118346,3.911987698662891,0.8110709987966306,0,0
no71,assignment:DIFF_median,rssfit_stable:DIFF_median,official:DIFF_median,spatial_1000m,2493,6000,39,672,5919,1611.4167897843547,1003.4028574107342,608.0139323736205,1.605951964241552,392.1111176967612,938.8039942937531,1.2486731847033865,4.4118366351377345,0.7059767348576013,0,1
no71,assignment:HYBRID_mean,rssfit_stable:HYBRID_mean,official:HYBRID_mean,spatial_1000m,2493,6000,39,672,5919,1225.798663132137,575.0609749615489,650.7376881705882,2.1315977200749874,552.1353220105432,940.6294647845078,1.7169904143900796,3.985137043677562,0.779783393501805,0,0
no71,assignment:NLLS,rssfit_stable:NLLS,official:NLLS,spatial_1000m,2493,6000,39,672,5919,1201.8578931852549,518.6011836162054,683.2567095690495,2.3174993254058953,577.1482659638405,982.4724442378531,1.9232585497866332,4.630383705538587,0.8038507821901324,0,0
no71,assignment:Trilat,rssfit_stable:Trilat,official:Trilat,spatial_1000m,2493,6000,39,672,5919,1708.859917853748,584.2565901583599,1124.603327695388,2.9248449168379422,901.4598370368232,2033.2260324725714,2.401826802315062,5.212154957782692,0.7785800240673887,0,0
no71,assignment:MinMax,rssfit_stable:MinMax,official:MinMax,spatial_1000m,2493,6000,39,672,5919,2111.3614804502936,465.808146845612,1645.5533336046815,4.532684743167632,696.0975958243788,2786.4095829270314,3.4924856977192458,5.947675971016351,0.9221821099077416,0,0
no71,official_vs_raw:WCL_bc,official:WCL_bc,official:WCL_raw,spatial_1000m,2493,6000,39,672,5919,582.1997800181365,479.4601660745637,102.7396139435728,1.2142818553305952,-64.93351026527048,243.13587827221295,0.7081165629048797,1.4202708495832808,0.4817488969113518,0,828
no71,official_vs_raw:ABS_mean,official:ABS_mean,official:WCL_raw,spatial_1000m,2493,6000,39,672,5919,527.690987738094,479.4601660745637,48.23082166353032,1.1005940119247146,-183.13048872876286,263.56764326677006,0.7384501207710197,1.658627947872322,0.4717208182912154,0,1849
no71,official_vs_raw:DIFF_median,official:DIFF_median,official:WCL_raw,spatial_1000m,2493,6000,39,672,5919,1003.4028574107342,479.4601660745637,523.9426913361706,2.0927762688312446,70.27157695493422,1091.2373063949753,1.3501711774141154,3.0000196009024207,0.6401925391095066,0,19
no71,official_vs_raw:HYBRID_mean,official:HYBRID_mean,official:WCL_raw,spatial_1000m,2493,6000,39,672,5919,575.0609749615489,479.4601660745637,95.60080888698525,1.1993925995347814,-121.08250901331373,323.88508228925537,0.8018413967413959,1.7721836966482813,0.49217809867629364,0,1126
no71,official_vs_raw:NLLS,official:NLLS,official:WCL_raw,spatial_1000m,2493,6000,39,672,5919,518.6011836162054,479.4601660745637,39.1410175416417,1.0816355983482362,-193.07976982850957,247.33434309136538,0.7311825921922502,1.6131368956257177,0.48896911351785,0,2108
no71,official_vs_raw:Trilat,official:Trilat,official:WCL_raw,spatial_1000m,2493,6000,39,672,5919,584.2565901583599,479.4601660745637,104.79642408379624,1.218571701048255,-43.664749915022114,326.7872929609221,0.920811076006897,1.6618005531651319,0.5972723626153229,0,470
no71,official_vs_raw:MinMax,official:MinMax,official:WCL_raw,spatial_1000m,2493,6000,39,672,5919,465.808146845612,479.4601660745637,-13.652019228951701,0.9715262701785562,-155.00910132499334,53.29269486035124,0.8000492777304863,1.1492442255683515,0.37625350982751704,0,3985
no71,official_vs_raw:FP_k3,coordinate_independent:FP_k3,official:WCL_raw,spatial_1000m,2493,6000,39,672,5919,219.29225647763056,479.4601660745637,-260.1679095969331,0.45737325432688214,-470.52982972149334,-150.40360006937686,0.1651658608407102,0.6058858675374108,0.18772563176895307,0,6000
no71,assignment:WCL_raw,rssfit_stable:WCL_raw,official:WCL_raw,UTC_calendar_day,2493,6000,52,1280,3693,3623.7337930322697,479.4601660745637,3144.273626957706,7.557945475847354,3013.2764075751193,3250.4535151058335,6.9884059181682545,8.52669314104745,0.9899719213798637,0,0
no71,assignment:WCL_bc,rssfit_stable:WCL_bc,official:WCL_bc,UTC_calendar_day,2493,6000,52,1280,3693,3112.7412287798347,582.1997800181365,2530.541448761698,5.346517356435394,2208.1844980267074,2693.288958388029,4.882251626542783,5.828381963679215,0.9787404733253109,0,0
no71,assignment:ABS_mean,rssfit_stable:ABS_mean,official:ABS_mean,UTC_calendar_day,2493,6000,52,1280,3693,1244.7414770108212,527.690987738094,717.0504892727272,2.358845434041441,664.2920060965621,806.3818918515007,2.2339752886195288,2.6058793178592756,0.8110709987966306,0,0
no71,assignment:DIFF_median,rssfit_stable:DIFF_median,official:DIFF_median,UTC_calendar_day,2493,6000,52,1280,3693,1611.4167897843547,1003.4028574107342,608.0139323736205,1.605951964241552,518.8557070297885,696.6035496460944,1.4743764758315392,1.739108638769091,0.7059767348576013,0,0
no71,assignment:HYBRID_mean,rssfit_stable:HYBRID_mean,official:HYBRID_mean,UTC_calendar_day,2493,6000,52,1280,3693,1225.798663132137,575.0609749615489,650.7376881705882,2.1315977200749874,597.536861377766,711.4583059776857,1.9811334549268527,2.342702618119892,0.779783393501805,0,0
no71,assignment:NLLS,rssfit_stable:NLLS,official:NLLS,UTC_calendar_day,2493,6000,52,1280,3693,1201.8578931852549,518.6011836162054,683.2567095690495,2.3174993254058953,609.3462884357716,755.0855128930594,2.175854972472175,2.499706866065954,0.8038507821901324,0,0
no71,assignment:Trilat,rssfit_stable:Trilat,official:Trilat,UTC_calendar_day,2493,6000,52,1280,3693,1708.859917853748,584.2565901583599,1124.603327695388,2.9248449168379422,990.9397123742149,1242.267879484838,2.713091875692824,3.152507744062005,0.7785800240673887,0,0
no71,assignment:MinMax,rssfit_stable:MinMax,official:MinMax,UTC_calendar_day,2493,6000,52,1280,3693,2111.3614804502936,465.808146845612,1645.5533336046815,4.532684743167632,1385.7288772379904,1917.9509357496488,4.106000206113419,4.928654531936931,0.9221821099077416,0,0
no71,official_vs_raw:WCL_bc,official:WCL_bc,official:WCL_raw,UTC_calendar_day,2493,6000,52,1280,3693,582.1997800181365,479.4601660745637,102.7396139435728,1.2142818553305952,68.75551542857335,142.86712892887422,1.154357049349913,1.2914004029172181,0.4817488969113518,0,0
no71,official_vs_raw:ABS_mean,official:ABS_mean,official:WCL_raw,UTC_calendar_day,2493,6000,52,1280,3693,527.690987738094,479.4601660745637,48.23082166353032,1.1005940119247146,13.095555857089517,86.2597402624247,1.0256785460921478,1.2024518751785456,0.4717208182912154,0,13
no71,official_vs_raw:DIFF_median,official:DIFF_median,official:WCL_raw,UTC_calendar_day,2493,6000,52,1280,3693,1003.4028574107342,479.4601660745637,523.9426913361706,2.0927762688312446,437.84373146392306,648.9085239283884,1.9259445413910594,2.326988663839511,0.6401925391095066,0,0
no71,official_vs_raw:HYBRID_mean,official:HYBRID_mean,official:WCL_raw,UTC_calendar_day,2493,6000,52,1280,3693,575.0609749615489,479.4601660745637,95.60080888698525,1.1993925995347814,56.68588891047154,136.20114474995214,1.1142991920087604,1.3017523993743387,0.49217809867629364,0,0
no71,official_vs_raw:NLLS,official:NLLS,official:WCL_raw,UTC_calendar_day,2493,6000,52,1280,3693,518.6011836162054,479.4601660745637,39.1410175416417,1.0816355983482362,7.559431851318245,77.41712840498043,1.0144464511864437,1.1804328508426563,0.48896911351785,0,41
no71,official_vs_raw:Trilat,official:Trilat,official:WCL_raw,UTC_calendar_day,2493,6000,52,1280,3693,584.2565901583599,479.4601660745637,104.79642408379624,1.218571701048255,69.68488371774637,147.87611398731008,1.1428075242839781,1.320170613227032,0.5972723626153229,0,0
no71,official_vs_raw:MinMax,official:MinMax,official:WCL_raw,UTC_calendar_day,2493,6000,52,1280,3693,465.808146845612,479.4601660745637,-13.652019228951701,0.9715262701785562,-48.87709784167257,34.93206448816483,0.9028225921495092,1.080683161623374,0.37625350982751704,0,4188
no71,official_vs_raw:FP_k3,coordinate_independent:FP_k3,official:WCL_raw,UTC_calendar_day,2493,6000,52,1280,3693,219.29225647763056,479.4601660745637,-260.1679095969331,0.45737325432688214,-292.3207793208121,-213.4249758284958,0.4285096118510029,0.4944692946602405,0.18772563176895307,0,6000
common27_bridge,assignment:WCL_raw,rssfit_stable:WCL_raw,official:WCL_raw,paired_messages,2496,6000,2496,2496,2496,3657.7436647912846,425.2837804269002,3232.4598843643844,8.600712825491813,3182.6635917549957,3297.8492031545657,8.187130359031482,9.113085548628652,0.9883814102564102,0,0
common27_bridge,assignment:WCL_raw,rssfit_stable:WCL_raw,official:WCL_raw,spatial_500m,2496,6000,106,1081,5503,3657.7436647912846,425.2837804269002,3232.4598843643844,8.600712825491813,1087.771358277511,3487.959595006026,5.5998648818610075,11.054825635123526,0.9883814102564102,0,0
common27_bridge,assignment:WCL_raw,rssfit_stable:WCL_raw,official:WCL_raw,spatial_1000m,2496,6000,39,614,6077,3657.7436647912846,425.2837804269002,3232.4598843643844,8.600712825491813,727.3422902013864,3511.9101330472718,4.76709530164454,11.281875208684049,0.9883814102564102,0,0
common27_bridge,assignment:WCL_raw,rssfit_stable:WCL_raw,official:WCL_raw,UTC_calendar_day,2496,6000,50,1325,3534,3657.7436647912846,425.2837804269002,3232.4598843643844,8.600712825491813,3111.0471299922324,3322.9715898304657,7.8270675771938265,9.551123338568724,0.9883814102564102,0,0
temporal_official_matched,early_minus_interleaved:WCL_raw,early:WCL_raw,interleaved:WCL_raw,paired_messages,1198,6000,1198,1198,1198,498.4335259021162,498.4335259021162,0.0,1.0,0.0,0.0,1.0,1.0,0.0,1198,6000
temporal_official_matched,early_minus_interleaved:WCL_bc,early:WCL_bc,interleaved:WCL_bc,paired_messages,1198,6000,1198,1198,1198,615.2264918436292,615.2570668957289,-0.03057505209972078,0.9999503052402893,-16.507116628585727,13.674960062455364,0.9741467152509455,1.0222122936764038,0.5968280467445742,0,3359
temporal_official_matched,early_minus_interleaved:ABS_mean,early:ABS_mean,interleaved:ABS_mean,paired_messages,1198,6000,1198,1198,1198,606.2445832701458,595.0667867535468,11.17779651659896,1.018784104180273,-3.6084334956645847,36.81063996595275,0.9938256074449421,1.0637165603576726,0.6519198664440734,0,331
temporal_official_matched,early_minus_interleaved:DIFF_median,early:DIFF_median,interleaved:DIFF_median,paired_messages,1198,6000,1198,1198,1198,1161.1902930512806,1159.1609147737138,2.0293782775668205,1.0017507304220683,-87.70664653221179,76.70734484305693,0.9297229189552584,1.0705956607960796,0.5425709515859767,0,3218
temporal_official_matched,early_minus_interleaved:MinMax,early:MinMax,interleaved:MinMax,paired_messages,1198,6000,1198,1198,1198,473.7517721326449,467.0981921418357,6.653579990809192,1.014244499556506,-9.592908529554391,18.37963740499982,0.980190434909957,1.0395189211033202,0.5534223706176962,12,1688
temporal_official_matched,early_minus_interleaved:WCL_raw,early:WCL_raw,interleaved:WCL_raw,spatial_500m,1198,6000,94,626,2383,498.4335259021162,498.4335259021162,0.0,1.0,0.0,0.0,1.0,1.0,0.0,1198,6000
temporal_official_matched,early_minus_interleaved:WCL_bc,early:WCL_bc,interleaved:WCL_bc,spatial_500m,1198,6000,94,626,2383,615.2264918436292,615.2570668957289,-0.03057505209972078,0.9999503052402893,-16.95914419216669,33.258794918200635,0.9723539518945764,1.0666970072284478,0.5968280467445742,0,1808
temporal_official_matched,early_minus_interleaved:ABS_mean,early:ABS_mean,interleaved:ABS_mean,spatial_500m,1198,6000,94,626,2383,606.2445832701458,595.0667867535468,11.17779651659896,1.018784104180273,-17.36564446241303,60.76947010549075,0.9629919201283507,1.0866599856834749,0.6519198664440734,0,948
temporal_official_matched,early_minus_interleaved:DIFF_median,early:DIFF_median,interleaved:DIFF_median,spatial_500m,1198,6000,94,626,2383,1161.1902930512806,1159.1609147737138,2.0293782775668205,1.0017507304220683,-95.10859962686965,94.71142640887406,0.9256745121791393,1.0966354587940927,0.5425709515859767,0,2802
temporal_official_matched,early_minus_interleaved:MinMax,early:MinMax,interleaved:MinMax,spatial_500m,1198,6000,94,626,2383,473.7517721326449,467.0981921418357,6.653579990809192,1.014244499556506,-19.188753794024596,23.281439821165215,0.9615280827740754,1.0578437176903739,0.5534223706176962,12,2778
temporal_official_matched,early_minus_interleaved:WCL_raw,early:WCL_raw,interleaved:WCL_raw,spatial_1000m,1198,6000,41,378,2869,498.4335259021162,498.4335259021162,0.0,1.0,0.0,0.0,1.0,1.0,0.0,1198,6000
temporal_official_matched,early_minus_interleaved:WCL_bc,early:WCL_bc,interleaved:WCL_bc,spatial_1000m,1198,6000,41,378,2869,615.2264918436292,615.2570668957289,-0.03057505209972078,0.9999503052402893,-16.056090962668932,35.905067177915,0.9735215519129463,1.0751737623309106,0.5968280467445742,0,1761
temporal_official_matched,early_minus_interleaved:ABS_mean,early:ABS_mean,interleaved:ABS_mean,spatial_1000m,1198,6000,41,378,2869,606.2445832701458,595.0667867535468,11.17779651659896,1.018784104180273,-20.22583098965572,66.32101808539646,0.9542954211375422,1.0922275117180882,0.6519198664440734,0,1095
temporal_official_matched,early_minus_interleaved:DIFF_median,early:DIFF_median,interleaved:DIFF_median,spatial_1000m,1198,6000,41,378,2869,1161.1902930512806,1159.1609147737138,2.0293782775668205,1.0017507304220683,-108.61728689305059,134.75422735909638,0.9131033819552641,1.1154103087651959,0.5425709515859767,0,2783
temporal_official_matched,early_minus_interleaved:MinMax,early:MinMax,interleaved:MinMax,spatial_1000m,1198,6000,41,378,2869,473.7517721326449,467.0981921418357,6.653579990809192,1.014244499556506,-20.37510337577851,29.292311552521365,0.9605038159875121,1.0712002177640723,0.5534223706176962,12,2726
temporal_official_matched,early_minus_interleaved:WCL_raw,early:WCL_raw,interleaved:WCL_raw,UTC_calendar_day,1198,6000,16,604,1968,498.4335259021162,498.4335259021162,0.0,1.0,0.0,0.0,1.0,1.0,0.0,1198,6000
temporal_official_matched,early_minus_interleaved:WCL_bc,early:WCL_bc,interleaved:WCL_bc,UTC_calendar_day,1198,6000,16,604,1968,615.2264918436292,615.2570668957289,-0.03057505209972078,0.9999503052402893,-18.06104241284026,15.250252979776622,0.9720018160326387,1.0246334709503349,0.5968280467445742,0,3105
temporal_official_matched,early_minus_interleaved:ABS_mean,early:ABS_mean,interleaved:ABS_mean,UTC_calendar_day,1198,6000,16,604,1968,606.2445832701458,595.0667867535468,11.17779651659896,1.018784104180273,-11.71489894496404,49.19484631747046,0.9793002640956457,1.0780417645442648,0.6519198664440734,0,629
temporal_official_matched,early_minus_interleaved:DIFF_median,early:DIFF_median,interleaved:DIFF_median,UTC_calendar_day,1198,6000,16,604,1968,1161.1902930512806,1159.1609147737138,2.0293782775668205,1.0017507304220683,-89.14147962558422,74.76337377559877,0.9309959149826815,1.0756454179991204,0.5425709515859767,0,3145
temporal_official_matched,early_minus_interleaved:MinMax,early:MinMax,interleaved:MinMax,UTC_calendar_day,1198,6000,16,604,1968,473.7517721326449,467.0981921418357,6.653579990809192,1.014244499556506,-9.236705698734557,15.97843463030252,0.9804443711300899,1.0353244475338175,0.5534223706176962,12,1752
temporal_official_no71,early_minus_interleaved:WCL_raw,early:WCL_raw,interleaved:WCL_raw,paired_messages,1198,6000,1198,1198,1198,496.7240590752289,496.7240590752289,0.0,1.0,0.0,0.0,1.0,1.0,0.0,1198,6000
temporal_official_no71,early_minus_interleaved:WCL_bc,early:WCL_bc,interleaved:WCL_bc,paired_messages,1198,6000,1198,1198,1198,615.2264918436292,615.2570668957289,-0.03057505209972078,0.9999503052402893,-16.507116628585727,13.674960062455364,0.9741467152509455,1.0222122936764038,0.5968280467445742,0,3359
temporal_official_no71,early_minus_interleaved:ABS_mean,early:ABS_mean,interleaved:ABS_mean,paired_messages,1198,6000,1198,1198,1198,606.2445832701458,595.0667867535468,11.17779651659896,1.018784104180273,-3.6084334956645847,36.81063996595275,0.9938256074449421,1.0637165603576726,0.6519198664440734,0,331
temporal_official_no71,early_minus_interleaved:DIFF_median,early:DIFF_median,interleaved:DIFF_median,paired_messages,1198,6000,1198,1198,1198,1165.4559408170555,1163.069434846662,2.3865059703935003,1.0020519032646646,-89.04251886883034,71.83003839963165,0.9291673333136177,1.064521102333075,0.5417362270450752,0,3320
temporal_official_no71,early_minus_interleaved:MinMax,early:MinMax,interleaved:MinMax,paired_messages,1198,6000,1198,1198,1198,473.7517721326449,467.0981921418357,6.653579990809192,1.014244499556506,-9.592908529554391,18.37963740499982,0.980190434909957,1.0395189211033202,0.5534223706176962,12,1688
temporal_official_no71,early_minus_interleaved:WCL_raw,early:WCL_raw,interleaved:WCL_raw,spatial_500m,1198,6000,94,626,2383,496.7240590752289,496.7240590752289,0.0,1.0,0.0,0.0,1.0,1.0,0.0,1198,6000
temporal_official_no71,early_minus_interleaved:WCL_bc,early:WCL_bc,interleaved:WCL_bc,spatial_500m,1198,6000,94,626,2383,615.2264918436292,615.2570668957289,-0.03057505209972078,0.9999503052402893,-16.95914419216669,33.258794918200635,0.9723539518945764,1.0666970072284478,0.5968280467445742,0,1808
temporal_official_no71,early_minus_interleaved:ABS_mean,early:ABS_mean,interleaved:ABS_mean,spatial_500m,1198,6000,94,626,2383,606.2445832701458,595.0667867535468,11.17779651659896,1.018784104180273,-17.36564446241303,60.76947010549075,0.9629919201283507,1.0866599856834749,0.6519198664440734,0,948
temporal_official_no71,early_minus_interleaved:DIFF_median,early:DIFF_median,interleaved:DIFF_median,spatial_500m,1198,6000,94,626,2383,1165.4559408170555,1163.069434846662,2.3865059703935003,1.0020519032646646,-95.32041846280592,94.4247799559248,0.9242873279379417,1.0958051083157752,0.5417362270450752,0,2896
temporal_official_no71,early_minus_interleaved:MinMax,early:MinMax,interleaved:MinMax,spatial_500m,1198,6000,94,626,2383,473.7517721326449,467.0981921418357,6.653579990809192,1.014244499556506,-19.188753794024596,23.281439821165215,0.9615280827740754,1.0578437176903739,0.5534223706176962,12,2778
temporal_official_no71,early_minus_interleaved:WCL_raw,early:WCL_raw,interleaved:WCL_raw,spatial_1000m,1198,6000,41,378,2869,496.7240590752289,496.7240590752289,0.0,1.0,0.0,0.0,1.0,1.0,0.0,1198,6000
temporal_official_no71,early_minus_interleaved:WCL_bc,early:WCL_bc,interleaved:WCL_bc,spatial_1000m,1198,6000,41,378,2869,615.2264918436292,615.2570668957289,-0.03057505209972078,0.9999503052402893,-16.056090962668932,35.905067177915,0.9735215519129463,1.0751737623309106,0.5968280467445742,0,1761
temporal_official_no71,early_minus_interleaved:ABS_mean,early:ABS_mean,interleaved:ABS_mean,spatial_1000m,1198,6000,41,378,2869,606.2445832701458,595.0667867535468,11.17779651659896,1.018784104180273,-20.22583098965572,66.32101808539646,0.9542954211375422,1.0922275117180882,0.6519198664440734,0,1095
temporal_official_no71,early_minus_interleaved:DIFF_median,early:DIFF_median,interleaved:DIFF_median,spatial_1000m,1198,6000,41,378,2869,1165.4559408170555,1163.069434846662,2.3865059703935003,1.0020519032646646,-108.3956041032021,135.53397459916386,0.911527066147965,1.1153132401402213,0.5417362270450752,0,2871
temporal_official_no71,early_minus_interleaved:MinMax,early:MinMax,interleaved:MinMax,spatial_1000m,1198,6000,41,378,2869,473.7517721326449,467.0981921418357,6.653579990809192,1.014244499556506,-20.37510337577851,29.292311552521365,0.9605038159875121,1.0712002177640723,0.5534223706176962,12,2731
temporal_official_no71,early_minus_interleaved:WCL_raw,early:WCL_raw,interleaved:WCL_raw,UTC_calendar_day,1198,6000,16,604,1968,496.7240590752289,496.7240590752289,0.0,1.0,0.0,0.0,1.0,1.0,0.0,1198,6000
temporal_official_no71,early_minus_interleaved:WCL_bc,early:WCL_bc,interleaved:WCL_bc,UTC_calendar_day,1198,6000,16,604,1968,615.2264918436292,615.2570668957289,-0.03057505209972078,0.9999503052402893,-18.06104241284026,15.250252979776622,0.9720018160326387,1.0246334709503349,0.5968280467445742,0,3105
temporal_official_no71,early_minus_interleaved:ABS_mean,early:ABS_mean,interleaved:ABS_mean,UTC_calendar_day,1198,6000,16,604,1968,606.2445832701458,595.0667867535468,11.17779651659896,1.018784104180273,-11.71489894496404,49.19484631747046,0.9793002640956457,1.0780417645442648,0.6519198664440734,0,629
temporal_official_no71,early_minus_interleaved:DIFF_median,early:DIFF_median,interleaved:DIFF_median,UTC_calendar_day,1198,6000,16,604,1968,1165.4559408170555,1163.069434846662,2.3865059703935003,1.0020519032646646,-90.4621019090523,73.66133750801235,0.929937339491037,1.0734437478130179,0.5417362270450752,0,3252
temporal_official_no71,early_minus_interleaved:MinMax,early:MinMax,interleaved:MinMax,UTC_calendar_day,1198,6000,16,604,1968,473.7517721326449,467.0981921418357,6.653579990809192,1.014244499556506,-9.236705698734557,15.97843463030252,0.9804443711300899,1.0353244475338175,0.5534223706176962,12,1752
