scenario,calibration_role,method,alpha,n,inclusive_coverage,strict_overestimation_fraction,equal_fraction,miscovered,mean_positive_undercoverage_m,cvar95_positive_undercoverage_m,max_positive_undercoverage_m,finite_radii,mean_radius_m,mean_absolute_error_estimation_m,radius_q0.5_m,positive_undercoverage_q0.5_m,radius_q0.9_m,positive_undercoverage_q0.9_m,radius_q0.95_m,positive_undercoverage_q0.95_m,radius_q0.99_m,positive_undercoverage_q0.99_m
lorawan_temporal,calibration_reference,DD,0.10000000000000001,4873,0.90724399753745122,0.90724399753745122,0,452,37.964442792517964,675.76913694093787,2623.8316827890103,4873,719.91201252108613,460.68171731756945,696.78717701843971,0,1020.9672254039307,0,1133.1013542298938,232.56265858228781,1329.563918290695,937.8995795343701
lorawan_temporal,calibration_reference,DDL,0.10000000000000001,4873,0.9140160065667966,0.9140160065667966,0,419,36.484819261301048,658.30336634087462,2632.339215853784,4873,708.75290385657888,446.56336159062823,680.10190391779543,0,1027.1222506710112,0,1147.655955791831,208.88912006113719,1373.3675973868706,927.99892914732914
lorawan_temporal,calibration_reference,constant,0.10000000000000001,4873,0.91729940488405504,0.91729940488405504,0,403,37.974131598380694,698.82953289247041,2687.6702733526108,4873,961.34100255856288,702.13008496677151,961.34100255856288,0,961.34100255856288,0,961.34100255856288,206.17643821859846,961.34100255856288,927.93240909047415
lorawan_temporal,calibration_reference,DD,0.050000000000000003,4873,0.96142006977221428,0.96142006977221428,0,188,17.487417446245363,349.74834892490696,2284.8916885119725,4873,1058.8520067981244,758.66766090206249,1035.727171295478,0,1359.9072196809689,0,1472.0413485069321,0,1668.5039125677333,598.95958525733181
lorawan_temporal,calibration_reference,DDL,0.050000000000000003,4873,0.96162528216704291,0.96162528216704291,0,187,18.080330367783414,361.60660735566796,2323.3766431507152,4873,1017.7154765596479,718.71695650666175,989.06447662086418,0,1336.0848233740801,0,1456.6185284948999,0,1682.3301700899394,619.03635644426026
lorawan_temporal,calibration_reference,constant,0.050000000000000003,4873,0.96408783090498662,0.96408783090498662,0,175,17.472436877514419,349.44873755028806,2314.8515517339556,4873,1334.1597241772179,1033.9454171436939,1334.1597241772176,0,1334.1597241772176,0,1334.1597241772176,0,1334.1597241772176,555.11368747181939
lorawan_temporal,calibration_reference,DD,0.01,4873,0.99281756618099737,0.99281756618099737,0,35,3.9359196476631495,78.718392953262921,1503.7201830202384,4873,1840.023512289858,1512.7361707966315,1816.8986767872116,0,2141.0787251727029,0,2253.2128539986657,0,2449.6754180594671,0
lorawan_temporal,calibration_reference,DDL,0.01,4873,0.99302277857582599,0.99302277857582599,0,34,3.6501235055555337,73.002470111110611,1495.9798674377853,4873,1845.1122522725775,1517.253318495136,1816.4612523337942,0,2163.4815990870097,0,2284.01530420783,0,2509.7269458028691,0
lorawan_temporal,calibration_reference,constant,0.01,4873,0.99445926533962647,0.99445926533962647,0,27,3.6249156526069366,72.49831305213867,1478.3275366632761,4873,2170.6837392478978,1842.7743897645585,2170.6837392478974,0,2170.6837392478974,0,2170.6837392478974,0,2170.6837392478974,0
lorawan_temporal,calibration_reference,DD,0.001,4873,1,1,0,0,0,0,0,4873,3419.8806366063786,3084.7214558178252,3396.7558011037318,0,3720.9358494892226,0,3833.0699783151858,0,4029.5325423759873,0
lorawan_temporal,calibration_reference,DDL,0.001,4873,0.99958957521034275,0.99958957521034275,0,2,0.05088603021280453,1.0177206042560898,157.22420174500894,4873,3183.8679179653536,2848.8105092372266,3155.2169180265705,0,3502.2372647797861,0,3622.7709699006064,0,3848.4826114956454,0
lorawan_temporal,calibration_reference,constant,0.001,4873,0.99938436281551402,0.99938436281551402,0,3,0.072328555986609838,1.4465711197321955,146.73356899121472,4873,3502.2777069199583,3167.2631832433794,3502.2777069199587,0,3502.2777069199587,0,3502.2777069199587,0,3502.2777069199587,0
lorawan_temporal,calibration_recent,DD,0.10000000000000001,4873,0.92694438744100138,0.92694438744100138,0,356,31.279481441301513,594.96549961622884,2543.0280454643016,4873,800.71564984579516,528.11543193984551,777.59081434314874,0,1101.7708627286397,0,1213.9049915546029,151.75902125757889,1410.3675556154039,857.09594220966108
lorawan_temporal,calibration_recent,DDL,0.10000000000000001,4873,0.92981736096860246,0.92981736096860246,0,342,30.755948720972039,584.111045991423,2558.1468955043324,4873,782.9452242060305,509.29794085942183,754.29422426724693,0,1101.3145710204628,0,1221.8482761412827,134.69679971168574,1447.5599177363222,853.80660879787752
lorawan_temporal,calibration_recent,constant,0.10000000000000001,4873,0.93638415760311922,0.93638415760311922,0,310,30.710782063073598,599.5531229393315,2588.3938633994717,4873,1060.6174125117016,786.87979584929633,1060.6174125117018,0,1060.6174125117018,0,1060.6174125117018,106.90002826545954,1060.6174125117018,828.65599913733524
lorawan_temporal,calibration_recent,DD,0.050000000000000003,4873,0.96224091935152878,0.96224091935152878,0,184,17.175450965297134,343.50901930594239,2276.7135105966145,4873,1067.0301847134822,766.2219058555238,1043.9053492108358,0,1368.0853975963266,0,1480.2195264222898,0,1676.6820904830911,590.78140734197405
lorawan_temporal,calibration_recent,DDL,0.050000000000000003,4873,0.96367740611532937,0.96367740611532937,0,177,17.235839362774186,344.71678725548344,2300.8002365127368,4873,1040.2918831976262,739.6043811346218,1011.6408832588427,0,1358.6612300120585,0,1479.1949351328785,0,1704.9065767279178,596.45994980628177
lorawan_temporal,calibration_recent,constant,0.050000000000000003,4873,0.96449825569464398,0.96449825569464398,0,173,17.066684445532733,341.33368891065436,2303.5074855977505,4873,1345.503790313423,1044.4779784159355,1345.503790313423,0,1345.503790313423,0,1345.503790313423,0,1345.503790313423,543.76962133561403
lorawan_temporal,calibration_recent,DD,0.01,4873,0.99179150420685414,0.99179150420685414,0,40,4.3551881802297592,87.103763604595102,1558.1989592300988,4873,1785.5447360799981,1459.0959316519047,1762.4199005773514,0,2086.5999489628425,0,2198.7340777888057,0,2395.1966418496067,0
lorawan_temporal,calibration_recent,DDL,0.01,4873,0.99138107941719678,0.99138107941719678,0,42,4.3473988312162906,86.947976624325733,1586.8833418620479,4873,1754.2087778483153,1427.744394722195,1725.5577779095315,0,2072.5781246627471,0,2193.1118297835674,0,2418.8234713786064,0
lorawan_temporal,calibration_recent,constant,0.01,4873,0.99220192899651138,0.99220192899651138,0,38,4.1608265378119196,83.216530756238313,1559.7444280136974,4873,2089.2668478974765,1762.4293201845471,2089.2668478974761,0,2089.2668478974761,0,2089.2668478974761,0,2089.2668478974761,0
lorawan_temporal,calibration_recent,DD,0.001,4873,1,1,0,0,0,0,0,4873,3630.3043604932855,3295.1451797047321,3607.1795249906386,0,3931.3595733761299,0,4043.4937022020927,0,4239.9562662628941,0
lorawan_temporal,calibration_recent,DDL,0.001,4873,1,1,0,0,0,0,0,4873,3699.7495407325346,3364.5903599439816,3671.0985407937515,0,4018.118887546967,0,4138.6525926677868,0,4364.3642342628273,0
lorawan_temporal,calibration_recent,constant,0.001,4873,1,1,0,0,0,0,0,4873,4089.435610692954,3754.276429904402,4089.4356106929549,0,4089.4356106929549,0,4089.4356106929549,0,4089.4356106929549,0
